Province,Year,Annual_Mean_Temp,Annual_Max_Temp,Annual_Min_Temp,Station_Count,GEO,Population,Emissions
Alberta,1950,1.25,36.7,-46.1,96,Alberta,919744,126123277.23779942
Alberta,1951,0.88,38.9,-44.4,96,Alberta,939834,126537786.10699905
Alberta,1952,4.11,36.1,-36.7,104,Alberta,971500,125604712.69819643
Alberta,1953,4.39,38.9,-33.3,112,Alberta,1010250,125816395.91237015
Alberta,1954,3.08,40.0,-38.9,111,Alberta,1054250,126501286.58305414
Alberta,1955,1.35,38.3,-43.3,117,Alberta,1089500,126694302.99601549
Alberta,1956,3.17,36.7,-40.0,136,Alberta,1122250,126031332.03062077
Alberta,1957,2.95,36.7,-38.3,125,Alberta,1161250,126031332.03062077
Alberta,1958,3.84,36.7,-35.0,127,Alberta,1205250,125542390.0193746
Alberta,1959,2.68,36.7,-37.3,122,Alberta,1247250,125984305.8945365
Alberta,1960,2.99,40.6,-38.3,119,Alberta,1289750,126545978.99966139
Alberta,1961,3.86,41.7,-37.8,123,Alberta,1330500,126236942.82300198
Alberta,1962,4.83,36.1,-35.6,180,Alberta,1368500,123991452.6280004
Alberta,1963,5.6,37.2,-35.0,201,Alberta,1402500,124504007.49060571
Alberta,1964,4.45,38.9,-35.6,208,Alberta,1427750,126194719.84738185
Alberta,1965,4.32,35.6,-37.8,279,Alberta,1448000,118086067.04416536
Alberta,1966,4.19,35.0,-37.8,303,Alberta,1462500,118086067.04416536
Alberta,1967,4.92,38.3,-35.6,326,Alberta,1488250,112704512.05222183
Alberta,1968,4.8,37.2,-34.5,332,Alberta,1522750,113372349.66354828
Alberta,1969,4.49,40.6,-39.4,335,Alberta,1558000,115092938.61953038
Alberta,1970,4.39,41.1,-38.9,344,Alberta,1593000,115539400.92714547
Alberta,1971,4.62,39.4,-38.9,329,Alberta,1645089,113892684.25711836
Alberta,1972,3.74,36.7,-40.0,337,Alberta,1691588,116173901.58276515
Alberta,1973,4.81,40.0,-33.9,350,Alberta,1722375,112560767.8772816
Alberta,1974,4.74,39.4,-33.9,366,Alberta,1752854,112577338.10148387
Alberta,1975,3.89,40.6,-38.3,373,Alberta,1802853,115487789.66942722
Alberta,1976,6.2,37.2,-32.2,360,Alberta,1864399,112837969.63463488
Alberta,1977,5.56,36.7,-32.4,356,Alberta,1942192,112950151.49279712
Alberta,1978,4.7,39.0,-36.3,347,Alberta,2017090,112822467.63094874
Alberta,1979,4.91,38.5,-37.8,341,Alberta,2092557,112897654.85718848
Alberta,1980,5.51,35.0,-35.3,347,Alberta,2184262,113766529.35145704
Alberta,1981,6.88,38.0,-28.8,348,Alberta,2282738,112765035.98658367
Alberta,1982,3.53,35.0,-40.7,346,Alberta,2359433,116300517.46908703
Alberta,1983,5.07,41.0,-34.8,343,Alberta,2389818,112713894.6031124
Alberta,1984,5.03,44.0,-34.9,344,Alberta,2394104,112810488.95212369
Alberta,1985,4.46,39.0,-36.0,360,Alberta,2402201,115078596.02397403
Alberta,1986,5.87,38.2,-30.7,358,Alberta,2425855,112371550.97940125
Alberta,1987,6.7,39.0,-26.4,364,Alberta,2437612,112231090.52277035
Alberta,1988,6.1,40.0,-32.8,369,Alberta,2453974,112689368.31280805
Alberta,1989,5.41,38.0,-37.3,388,Alberta,2493023,113526605.75558484
Alberta,1990,5.67,39.0,-36.1,381,Alberta,2540902,112871058.31236179
Alberta,1991,5.93,40.0,-33.0,362,Alberta,2587477,112689368.31280805
Alberta,1992,5.91,36.5,-30.1,362,Alberta,2627162,112948414.78553875
Alberta,1993,5.16,35.0,-32.5,377,Alberta,2663774,112697824.70269515
Alberta,1994,4.95,37.8,-37.0,374,Alberta,2696102,113567471.77541746
Alberta,1995,4.31,39.4,-35.5,378,Alberta,2730105,115085581.24625199
Alberta,1996,2.94,37.0,-43.0,383,Alberta,2770298,116542716.89722407
Alberta,1997,5.6,38.5,-33.8,375,Alberta,2822523,112770486.73231773
Alberta,1998,6.47,40.2,-33.8,370,Alberta,2887726,112859357.7737155
Alberta,1999,5.84,36.8,-28.8,384,Alberta,2945712,112948414.78553875
Alberta,2000,4.28,38.5,-34.4,398,Alberta,2996032,114832938.93145883
Alberta,2001,5.31,39.8,-31.7,410,Alberta,3051622,111184907.0156599
Alberta,2002,3.84,40.0,-35.3,454,Alberta,3118802,112193176.42916481
Alberta,2003,4.38,39.4,-35.7,463,Alberta,3176504,112199937.06195389
Alberta,2004,4.81,39.0,-32.3,457,Alberta,3233188,107908891.949756
Alberta,2005,5.28,37.2,-30.6,456,Alberta,3310477,107181269.26335
Alberta,2006,5.62,38.3,-31.1,444,Alberta,3411010,114035156.030704
Alberta,2007,5.25,41.0,-31.6,486,Alberta,3502798,112378133.610479
Alberta,2008,4.65,38.1,-36.9,421,Alberta,3582868,110772490.371924
Alberta,2009,3.85,37.0,-38.1,396,Alberta,3667767,118399455.079576
Alberta,2010,4.43,37.7,-32.8,395,Alberta,3724157,123560580.8514
Alberta,2011,4.29,37.9,-36.0,403,Alberta,3778993,124259103.079195
Alberta,2012,3.62,37.8,-36.1,252,Alberta,3859303,127310812.281582
Alberta,2013,3.14,36.7,-38.3,243,Alberta,3962294,133089989.37234
Alberta,2014,2.81,36.6,-39.7,236,Alberta,4066082,139576431.316402
Alberta,2015,4.79,38.5,-33.1,226,Alberta,4138209,141449699.675758
Alberta,2016,4.95,35.6,-31.0,220,Alberta,4189192,141055582.06984898
Alberta,2017,3.97,38.1,-36.4,211,Alberta,4232820,159062819.874724
Alberta,2018,2.74,40.8,-38.2,210,Alberta,4286099,157469165.478734
Alberta,2019,2.36,37.3,-40.1,206,Alberta,4348515,157869292.693494
Alberta,2020,3.21,37.7,-37.6,206,Alberta,4404480,148674771.975629
Alberta,2021,3.89,42.8,-40.0,203,Alberta,4431360,151815010.318378
Alberta,2022,3.01,40.6,-41.7,201,Alberta,4503729,152736124.376479
Alberta,2023,5.04,39.8,-33.4,199,Alberta,4666165,152897747.332651
British Columbia,1950,6.25,38.3,-30.6,148,British Columbia,1139195,11798559.47393934
British Columbia,1951,6.51,40.6,-27.8,157,British Columbia,1164661,12461259.657204593
British Columbia,1952,7.31,39.4,-22.8,167,British Columbia,1204500,12609950.083825862
British Columbia,1953,7.87,38.9,-19.4,171,British Columbia,1248250,13109268.591483941
British Columbia,1954,6.75,35.6,-23.9,179,British Columbia,1294000,12106285.194521455
British Columbia,1955,5.43,39.4,-27.8,189,British Columbia,1341500,10709149.394071776
British Columbia,1956,6.66,41.1,-26.1,189,British Columbia,1399000,12290170.35430134
British Columbia,1957,6.87,36.7,-26.7,212,British Columbia,1479500,11967412.351668622
British Columbia,1958,8.46,40.6,-21.1,225,British Columbia,1536000,12750117.699068284
British Columbia,1959,6.97,39.5,-22.8,237,British Columbia,1567000,12066698.43883179
British Columbia,1960,7.22,40.6,-22.2,246,British Columbia,1601000,11933891.83043406
British Columbia,1961,7.75,41.7,-22.2,253,British Columbia,1629750,12194661.501484223
British Columbia,1962,7.67,38.9,-21.7,265,British Columbia,1660000,12008548.588841224
British Columbia,1963,8.04,37.8,-21.7,260,British Columbia,1699500,11956357.194884948
British Columbia,1964,6.74,38.3,-22.8,252,British Columbia,1745000,11895352.77623829
British Columbia,1965,7.39,41.7,-22.8,269,British Columbia,1800000,12043493.27576251
British Columbia,1966,7.24,38.3,-22.2,282,British Columbia,1873750,11909149.982781213
British Columbia,1967,7.86,41.1,-21.7,283,British Columbia,1945750,12032429.428204853
British Columbia,1968,7.37,40.0,-23.4,289,British Columbia,2003250,11916227.29749145
British Columbia,1969,7.25,40.0,-26.1,299,British Columbia,2060250,11569437.842995297
British Columbia,1970,6.95,38.9,-23.9,325,British Columbia,2127750,11764008.926815024
British Columbia,1971,6.51,42.2,-25.6,332,British Columbia,2211280,11530765.06663654
British Columbia,1972,6.21,40.0,-27.2,337,British Columbia,2297348,11602881.320394931
British Columbia,1973,6.74,39.4,-23.3,368,British Columbia,2360797,11751942.783257673
British Columbia,1974,7.19,41.1,-22.8,408,British Columbia,2434720,11773092.800630365
British Columbia,1975,5.99,41.1,-26.7,421,British Columbia,2494629,11009683.77791639
British Columbia,1976,6.68,36.7,-21.7,403,British Columbia,2531737,11435999.27090795
British Columbia,1977,6.71,40.6,-23.9,397,British Columbia,2567936,11793420.278254084
British Columbia,1978,6.75,41.5,-25.7,384,British Columbia,2611636,11456625.08633154
British Columbia,1979,7.07,41.5,-27.3,381,British Columbia,2662293,11717462.62640897
British Columbia,1980,7.03,38.0,-24.7,400,British Columbia,2737538,12873170.593860092
British Columbia,1981,7.57,39.1,-19.9,399,British Columbia,2816980,14083088.550038137
British Columbia,1982,6.02,39.5,-27.3,409,British Columbia,2871303,12631914.713216519
British Columbia,1983,7.14,38.5,-23.7,415,British Columbia,2904171,13309890.395714605
British Columbia,1984,6.4,39.0,-24.0,440,British Columbia,2941539,13303983.168725336
British Columbia,1985,5.96,41.0,-26.8,432,British Columbia,2972265,12340185.93766322
British Columbia,1986,7.27,39.5,-21.9,435,British Columbia,3000682,13249879.836544769
British Columbia,1987,8.01,40.5,-19.2,451,British Columbia,3043088,14268847.994067283
British Columbia,1988,7.44,40.0,-21.7,465,British Columbia,3108064,13314316.402220149
British Columbia,1989,7.28,38.0,-24.5,462,British Columbia,3189665,13273300.345925536
British Columbia,1990,7.44,40.2,-25.2,463,British Columbia,3282328,13014686.205739466
British Columbia,1991,7.5,39.0,-22.5,471,British Columbia,3367589,13357839.199767612
British Columbia,1992,8.11,39.8,-20.6,477,British Columbia,3459366,14201825.487889025
British Columbia,1993,7.44,37.5,-24.7,471,British Columbia,3558491,13203669.488071261
British Columbia,1994,8.03,42.6,-21.8,456,British Columbia,3664473,13614730.25636536
British Columbia,1995,7.9,40.0,-22.7,453,British Columbia,3766198,13516322.51752686
British Columbia,1996,6.42,41.2,-28.3,420,British Columbia,3862540,13266959.738340924
British Columbia,1997,7.92,38.7,-20.8,400,British Columbia,3939702,13812068.44167855
British Columbia,1998,8.81,42.8,-20.5,395,British Columbia,3981074,14544557.334670618
British Columbia,1999,7.52,37.5,-18.3,385,British Columbia,4007763,13883316.6353878
British Columbia,2000,7.32,38.8,-21.4,375,British Columbia,4037128,13262641.83070702
British Columbia,2001,7.47,38.7,-20.2,363,British Columbia,4070963,13966790.991132505
British Columbia,2002,7.52,39.9,-21.5,353,British Columbia,4097537,13349727.58088697
British Columbia,2003,8.02,40.8,-21.0,342,British Columbia,4121032,13465006.33884057
British Columbia,2004,8.7,41.8,-20.4,334,British Columbia,4152311,14705620.883836
British Columbia,2005,8.29,39.0,-20.8,327,British Columbia,4191434,14051411.908226
British Columbia,2006,8.02,41.0,-20.9,320,British Columbia,4236596,12764819.286187
British Columbia,2007,7.46,39.8,-21.0,325,British Columbia,4286277,13109393.679791
British Columbia,2008,7.17,40.0,-23.3,312,British Columbia,4342957,13443739.302997
British Columbia,2009,7.52,41.5,-23.6,296,British Columbia,4404782,13708335.430297
British Columbia,2010,8.38,38.4,-17.9,300,British Columbia,4461068,14293840.753221
British Columbia,2011,7.58,38.0,-20.5,286,British Columbia,4500944,14908026.237109
British Columbia,2012,7.97,40.3,-19.9,286,British Columbia,4564452,14780957.360405
British Columbia,2013,8.49,40.5,-19.3,274,British Columbia,4629485,15326759.303159
British Columbia,2014,8.72,41.7,-21.5,262,British Columbia,4704528,14865523.640225
British Columbia,2015,9.44,40.9,-17.3,257,British Columbia,4769094,13958655.980579
British Columbia,2016,9.28,39.0,-17.4,232,British Columbia,4846628,13646850.028645
British Columbia,2017,8.46,41.0,-21.1,226,British Columbia,4925006,17115143.105539
British Columbia,2018,8.54,40.8,-19.7,213,British Columbia,5009884,16507551.084678
British Columbia,2019,8.45,39.2,-21.4,206,British Columbia,5100179,17292181.136704
British Columbia,2020,8.55,39.0,-19.2,205,British Columbia,5169146,16788802.011685
British Columbia,2021,8.63,42.3,-21.2,201,British Columbia,5218564,18155227.3098
British Columbia,2022,8.61,42.2,-21.5,190,British Columbia,5341279,17319568.015453
British Columbia,2023,9.41,40.7,-16.9,187,British Columbia,5511694,17246826.924368
Manitoba,1950,-0.34,37.2,-49.4,48,Manitoba,758813,3053072.0823856513
Manitoba,1951,0.59,40.6,-45.6,52,Manitoba,775444,4354697.953131611
Manitoba,1952,3.02,40.0,-42.2,52,Manitoba,796000,6464792.910592029
Manitoba,1953,3.18,36.1,-41.1,53,Manitoba,808500,6256435.345618668
Manitoba,1954,2.4,35.6,-42.8,55,Manitoba,822500,4457625.456190319
Manitoba,1955,1.87,37.8,-46.7,57,Manitoba,838750,4866054.88674173
Manitoba,1956,1.42,37.2,-46.7,61,Manitoba,848750,4750126.763125471
Manitoba,1957,2.41,37.8,-45.6,65,Manitoba,858250,4427616.676860371
Manitoba,1958,2.32,38.9,-43.3,66,Manitoba,874500,5253814.235163157
Manitoba,1959,1.38,38.3,-45.0,72,Manitoba,889750,4178157.21867704
Manitoba,1960,1.52,38.3,-47.2,79,Manitoba,905500,3563229.412325789
Manitoba,1961,2.25,39.4,-45.0,83,Manitoba,921250,4417758.026633746
Manitoba,1962,1.62,35.0,-47.8,87,Manitoba,935000,3314806.391577428
Manitoba,1963,2.78,37.8,-48.9,90,Manitoba,948500,3727564.662936588
Manitoba,1964,1.62,40.0,-46.1,90,Manitoba,958250,4503153.310762417
Manitoba,1965,0.78,37.2,-47.8,91,Manitoba,963500,3232077.229391519
Manitoba,1966,0.23,36.7,-51.7,99,Manitoba,961750,3782925.8489119764
Manitoba,1967,1.16,36.7,-47.2,103,Manitoba,962250,4030294.8320106054
Manitoba,1968,1.37,37.8,-45.6,105,Manitoba,970000,4335937.722977827
Manitoba,1969,1.25,37.8,-46.1,113,Manitoba,977500,4258258.567323357
Manitoba,1970,1.16,38.3,-46.1,125,Manitoba,981250,4618079.656655895
Manitoba,1971,1.5,38.9,-46.7,125,Manitoba,991958,4450451.076525565
Manitoba,1972,-0.03,38.3,-48.3,125,Manitoba,1000587,4337536.713298914
Manitoba,1973,2.55,36.7,-43.3,134,Manitoba,1005965,4198912.402986574
Manitoba,1974,0.81,37.2,-47.8,132,Manitoba,1016226,4368866.651734294
Manitoba,1975,1.5,39.4,-46.7,129,Manitoba,1023105,4556972.0066396855
Manitoba,1976,1.83,39.4,-45.0,130,Manitoba,1030789,4594469.298097455
Manitoba,1977,2.83,36.7,-45.6,128,Manitoba,1036468,4212374.504863394
Manitoba,1978,0.84,38.9,-48.5,124,Manitoba,1039574,4345447.008051265
Manitoba,1979,0.03,39.4,-49.5,124,Manitoba,1036582,4336038.765042975
Manitoba,1980,2.0,39.5,-44.5,123,Manitoba,1033998,4385076.9868268045
Manitoba,1981,3.93,38.5,-39.5,125,Manitoba,1035375,4781455.547541937
Manitoba,1982,0.41,36.5,-48.0,124,Manitoba,1044148,3806244.922624835
Manitoba,1983,2.46,40.2,-44.0,125,Manitoba,1057957,4400148.505836385
Manitoba,1984,2.21,38.0,-45.1,128,Manitoba,1070580,4438513.689085605
Manitoba,1985,0.34,35.0,-47.0,131,Manitoba,1081713,4028741.310931025
Manitoba,1986,2.14,36.0,-43.0,134,Manitoba,1090618,4062901.865995385
Manitoba,1987,4.56,38.0,-36.3,143,Manitoba,1097076,5296171.836256737
Manitoba,1988,2.28,41.5,-46.5,138,Manitoba,1101103,4625700.928600255
Manitoba,1989,0.7,40.5,-49.0,136,Manitoba,1102632,4576165.908853974
Manitoba,1990,1.84,36.5,-46.0,131,Manitoba,1104302,4047353.327538045
Manitoba,1991,2.22,39.0,-46.8,132,Manitoba,1108239,4604961.749066775
Manitoba,1992,1.46,37.0,-41.0,134,Manitoba,1111732,4395955.338264115
Manitoba,1993,1.46,34.0,-43.0,133,Manitoba,1116489,4020439.7055155654
Manitoba,1994,1.97,36.0,-47.0,135,Manitoba,1121910,4030568.027425775
Manitoba,1995,1.25,39.0,-46.5,139,Manitoba,1127720,4547689.721588375
Manitoba,1996,-0.53,37.7,-50.5,137,Manitoba,1132782,4373869.964919885
Manitoba,1997,1.89,37.5,-44.5,132,Manitoba,1135655,4395525.776951824
Manitoba,1998,3.79,37.0,-40.0,129,Manitoba,1136941,4580956.776031685
Manitoba,1999,3.35,35.0,-39.6,127,Manitoba,1141378,4073043.991346174
Manitoba,2000,1.79,38.6,-44.0,132,Manitoba,1146449,4555802.205272814
Manitoba,2001,2.96,37.0,-41.0,128,Manitoba,1150434,4404917.943495434
Manitoba,2002,1.41,37.6,-45.0,121,Manitoba,1155380,4090440.3395855655
Manitoba,2003,1.99,40.0,-46.0,115,Manitoba,1162078,3970783.774475877
Manitoba,2004,0.52,34.5,-46.5,113,Manitoba,1171468,2629600.374806
Manitoba,2005,1.89,35.0,-45.5,111,Manitoba,1177669,2971315.236775
Manitoba,2006,3.19,37.0,-40.8,96,Manitoba,1182271,2577746.042057
Manitoba,2007,1.7,37.5,-45.0,93,Manitoba,1188012,2540244.229468
Manitoba,2008,0.29,35.0,-48.0,88,Manitoba,1196342,2422913.227784
Manitoba,2009,0.98,35.5,-44.5,76,Manitoba,1206538,2220238.7294
Manitoba,2010,3.05,41.0,-40.3,79,Manitoba,1219001,1967710.54273
Manitoba,2011,1.9,37.5,-45.1,74,Manitoba,1231753,2090316.6158
Manitoba,2012,2.85,38.4,-42.1,73,Manitoba,1247151,1961265.769408
Manitoba,2013,-0.16,38.3,-51.0,71,Manitoba,1261768,2102150.368021
Manitoba,2014,0.09,36.0,-44.0,66,Manitoba,1275546,2021852.439083
Manitoba,2015,2.81,37.8,-42.4,62,Manitoba,1290665,2154989.447888
Manitoba,2016,2.82,35.5,-41.4,61,Manitoba,1311169,1896172.226022
Manitoba,2017,2.38,36.0,-42.2,58,Manitoba,1331885,2496265.456059
Manitoba,2018,0.73,39.6,-44.2,57,Manitoba,1350414,2671102.776962
Manitoba,2019,0.49,37.3,-46.6,56,Manitoba,1367580,2694231.265612
Manitoba,2020,1.91,37.5,-43.2,55,Manitoba,1379626,2553530.176444
Manitoba,2021,2.82,42.0,-45.4,55,Manitoba,1390138,2700283.168948
Manitoba,2022,0.6,40.5,-43.8,54,Manitoba,1410050,2907828.441612
Manitoba,2023,2.78,37.2,-42.5,55,Manitoba,1449197,2435428.163531
New Brunswick,1950,5.21,33.9,-32.8,35,New Brunswick,504250,8192346.029479835
New Brunswick,1951,6.11,32.8,-31.1,35,New Brunswick,514805,8249389.191713354
New Brunswick,1952,6.13,37.8,-29.4,35,New Brunswick,525250,8329856.196081945
New Brunswick,1953,6.76,36.1,-26.1,37,New Brunswick,532500,8505674.007019196
New Brunswick,1954,5.1,32.8,-30.6,39,New Brunswick,539750,8043970.258699102
New Brunswick,1955,4.67,38.3,-33.3,42,New Brunswick,547000,7938653.650788023
New Brunswick,1956,4.43,35.0,-31.1,46,New Brunswick,554500,8021381.818985662
New Brunswick,1957,5.37,33.3,-33.3,50,New Brunswick,561500,8291412.335574653
New Brunswick,1958,5.02,34.4,-29.4,45,New Brunswick,570500,7970333.271636942
New Brunswick,1959,5.12,37.2,-35.0,42,New Brunswick,581000,8309555.774949448
New Brunswick,1960,5.51,37.2,-30.0,41,New Brunswick,588000,8477487.242525436
New Brunswick,1961,5.1,33.3,-34.4,41,New Brunswick,597000,8209852.902384652
New Brunswick,1962,4.62,34.4,-33.9,43,New Brunswick,604500,8008483.070157182
New Brunswick,1963,4.41,36.7,-36.1,41,New Brunswick,608250,8035502.742507973
New Brunswick,1964,4.33,34.4,-32.2,46,New Brunswick,610750,8043060.496411673
New Brunswick,1965,3.82,35.0,-33.9,51,New Brunswick,614500,7416897.817082002
New Brunswick,1966,5.69,33.3,-28.3,53,New Brunswick,616500,8561516.528679244
New Brunswick,1967,4.1,34.4,-36.7,50,New Brunswick,620000,7581704.362430191
New Brunswick,1968,4.28,35.6,-34.4,49,New Brunswick,625250,7955486.31614189
New Brunswick,1969,5.5,35.0,-28.9,52,New Brunswick,627500,8267514.8769556545
New Brunswick,1970,4.78,35.6,-35.0,57,New Brunswick,626750,7807951.933926583
New Brunswick,1971,4.97,33.9,-34.4,64,New Brunswick,637547,8074455.376682529
New Brunswick,1972,3.58,34.4,-37.2,70,New Brunswick,648586,6035107.323308997
New Brunswick,1973,5.28,34.4,-32.2,72,New Brunswick,655909,8209729.455134061
New Brunswick,1974,3.96,35.0,-33.3,70,New Brunswick,664456,7278703.194173533
New Brunswick,1975,4.6,38.9,-36.1,68,New Brunswick,676037,8044926.55581616
New Brunswick,1976,4.19,36.7,-36.7,71,New Brunswick,688276,7165595.470463429
New Brunswick,1977,4.78,38.0,-32.8,64,New Brunswick,694403,10068772.640732922
New Brunswick,1978,3.85,36.7,-35.0,65,New Brunswick,698544,9525944.929990359
New Brunswick,1979,5.59,34.1,-32.0,62,New Brunswick,701924,11671698.029691106
New Brunswick,1980,4.1,34.8,-34.5,62,New Brunswick,704867,10483500.86761949
New Brunswick,1981,5.84,35.1,-29.9,63,New Brunswick,705612,11692800.854101907
New Brunswick,1982,4.61,35.4,-34.5,62,New Brunswick,707284,10916157.37502258
New Brunswick,1983,5.73,37.0,-30.5,68,New Brunswick,713683,9154072.291106073
New Brunswick,1984,5.18,35.0,-33.0,66,New Brunswick,719514,9408917.93697717
New Brunswick,1985,4.12,35.0,-35.0,65,New Brunswick,722895,9879989.46340135
New Brunswick,1986,3.77,37.0,-34.0,67,New Brunswick,724758,8116643.869751888
New Brunswick,1987,4.7,35.0,-33.5,67,New Brunswick,726950,8979843.24411832
New Brunswick,1988,4.75,36.0,-35.0,67,New Brunswick,729875,9018155.09601688
New Brunswick,1989,3.99,35.0,-38.5,66,New Brunswick,734454,7709918.68010311
New Brunswick,1990,5.57,37.5,-32.2,66,New Brunswick,739547,10358073.054364532
New Brunswick,1991,4.87,36.0,-35.0,65,New Brunswick,744716,10507534.268458169
New Brunswick,1992,4.15,37.5,-34.5,66,New Brunswick,747418,8705972.591145579
New Brunswick,1993,4.39,35.0,-35.5,66,New Brunswick,748620,9059820.078623647
New Brunswick,1994,4.77,35.5,-36.5,60,New Brunswick,749965,10894912.817447562
New Brunswick,1995,5.09,37.0,-33.6,59,New Brunswick,750907,11208630.695331683
New Brunswick,1996,5.25,35.0,-31.6,56,New Brunswick,752062,11289331.433951668
New Brunswick,1997,4.1,34.0,-33.5,55,New Brunswick,752385,10675516.566024086
New Brunswick,1998,6.18,36.0,-28.5,54,New Brunswick,751072,11723261.44481052
New Brunswick,1999,6.88,36.0,-29.7,54,New Brunswick,750362,11820015.796607707
New Brunswick,2000,5.59,36.0,-30.5,55,New Brunswick,750524,11828708.280712469
New Brunswick,2001,6.12,36.5,-31.0,54,New Brunswick,749656,11804335.135031486
New Brunswick,2002,5.4,37.5,-29.3,47,New Brunswick,749052,11405453.79800346
New Brunswick,2003,5.37,37.4,-34.5,47,New Brunswick,749356,11673327.737936864
New Brunswick,2004,4.39,33.5,-34.0,46,New Brunswick,749301,12974596.975603
New Brunswick,2005,5.55,35.2,-31.7,42,New Brunswick,748359,12650826.657989
New Brunswick,2006,6.51,34.0,-27.5,41,New Brunswick,745979,10233350.014552
New Brunswick,2007,4.8,34.3,-33.6,33,New Brunswick,745337,10911232.5268
New Brunswick,2008,5.64,33.0,-32.5,37,New Brunswick,746864,10286065.684698
New Brunswick,2009,5.09,33.8,-33.2,34,New Brunswick,749640,10118393.807639
New Brunswick,2010,7.03,37.0,-24.8,33,New Brunswick,752656,8228853.839803
New Brunswick,2011,5.52,34.0,-31.1,33,New Brunswick,755354,7862585.168487
New Brunswick,2012,6.45,36.5,-30.3,30,New Brunswick,757648,7212871.607260001
New Brunswick,2013,5.26,37.3,-31.3,27,New Brunswick,758130,7517965.539321001
New Brunswick,2014,5.27,35.0,-34.0,23,New Brunswick,758783,7553016.059460999
New Brunswick,2015,4.96,33.3,-35.7,24,New Brunswick,759262,7256261.106850999
New Brunswick,2016,5.86,33.2,-30.0,23,New Brunswick,762784,7791162.262801999
New Brunswick,2017,5.99,34.0,-30.5,23,New Brunswick,766049,6974556.48919
New Brunswick,2018,5.21,36.0,-30.5,22,New Brunswick,770036,7006895.364201
New Brunswick,2019,4.46,35.0,-32.6,21,New Brunswick,776408,6816760.902847
New Brunswick,2020,6.18,37.2,-29.7,20,New Brunswick,782703,6137973.342416001
New Brunswick,2021,6.85,38.0,-28.0,19,New Brunswick,789622,6639332.094248
New Brunswick,2022,6.21,34.6,-32.0,18,New Brunswick,806726,7342246.13042
New Brunswick,2023,6.66,35.5,-28.7,17,New Brunswick,829690,6726547.992419
Newfoundland and Labrador,1950,1.84,32.2,-33.9,31,Newfoundland and Labrador,353072,7080086.988696791
Newfoundland and Labrador,1951,4.41,33.9,-27.8,29,Newfoundland and Labrador,360863,7681396.611891112
Newfoundland and Labrador,1952,4.44,36.7,-26.1,32,Newfoundland and Labrador,372750,7652160.773285253
Newfoundland and Labrador,1953,3.6,32.2,-28.4,33,Newfoundland and Labrador,383000,7113778.879731903
Newfoundland and Labrador,1954,3.3,33.9,-28.3,30,Newfoundland and Labrador,394500,6718413.178039763
Newfoundland and Labrador,1955,3.42,31.7,-26.7,34,Newfoundland and Labrador,405500,6692349.967959233
Newfoundland and Labrador,1956,3.14,31.7,-27.8,40,Newfoundland and Labrador,415000,6454360.402746972
Newfoundland and Labrador,1957,2.82,31.1,-31.1,47,Newfoundland and Labrador,423500,6395994.536059533
Newfoundland and Labrador,1958,4.41,32.2,-23.4,46,Newfoundland and Labrador,431500,7825384.316714853
Newfoundland and Labrador,1959,2.92,32.8,-30.6,44,Newfoundland and Labrador,440000,6602969.372126423
Newfoundland and Labrador,1960,4.4,33.3,-25.0,46,Newfoundland and Labrador,448250,7820252.606562244
Newfoundland and Labrador,1961,3.77,33.3,-31.1,46,Newfoundland and Labrador,457750,7204061.312447596
Newfoundland and Labrador,1962,3.77,33.3,-28.3,54,Newfoundland and Labrador,467500,6874646.3821367035
Newfoundland and Labrador,1963,3.89,33.9,-27.2,49,Newfoundland and Labrador,475750,7074931.303778035
Newfoundland and Labrador,1964,3.39,30.6,-27.2,46,Newfoundland and Labrador,482750,6839506.132638275
Newfoundland and Labrador,1965,3.79,31.7,-26.7,50,Newfoundland and Labrador,487000,6956143.149912425
Newfoundland and Labrador,1966,4.77,31.7,-24.4,51,Newfoundland and Labrador,493000,7548695.317595675
Newfoundland and Labrador,1967,3.89,34.4,-32.2,54,Newfoundland and Labrador,499000,6970882.612228734
Newfoundland and Labrador,1968,3.9,31.7,-25.6,53,Newfoundland and Labrador,506000,6925845.936415524
Newfoundland and Labrador,1969,4.83,31.1,-22.2,54,Newfoundland and Labrador,513750,7426839.154964213
Newfoundland and Labrador,1970,4.11,34.4,-28.3,54,Newfoundland and Labrador,517250,7103165.504361625
Newfoundland and Labrador,1971,4.55,31.1,-28.9,56,Newfoundland and Labrador,526331,7359934.097825843
Newfoundland and Labrador,1972,2.23,33.9,-35.0,64,Newfoundland and Labrador,538425,5769128.020533922
Newfoundland and Labrador,1973,3.75,33.3,-29.4,66,Newfoundland and Labrador,544822,5695273.30224424
Newfoundland and Labrador,1974,2.53,32.8,-31.1,66,Newfoundland and Labrador,548901,5248429.867754332
Newfoundland and Labrador,1975,2.91,37.2,-33.9,65,Newfoundland and Labrador,555594,5817677.184327742
Newfoundland and Labrador,1976,3.74,36.7,-31.1,60,Newfoundland and Labrador,561778,6644801.795479153
Newfoundland and Labrador,1977,4.08,32.4,-26.9,64,Newfoundland and Labrador,564767,6428631.896569743
Newfoundland and Labrador,1978,3.5,32.0,-28.5,67,Newfoundland and Labrador,567177,5600924.025401261
Newfoundland and Labrador,1979,5.08,34.4,-26.2,69,Newfoundland and Labrador,569598,6160501.931067843
Newfoundland and Labrador,1980,3.73,32.0,-26.4,76,Newfoundland and Labrador,572198,4855787.719052152
Newfoundland and Labrador,1981,5.62,33.2,-21.5,83,Newfoundland and Labrador,574549,6850433.493741422
Newfoundland and Labrador,1982,3.48,33.5,-28.9,98,Newfoundland and Labrador,574082,4671810.441943991
Newfoundland and Labrador,1983,5.0,35.5,-26.4,104,Newfoundland and Labrador,578276,5353214.212848583
Newfoundland and Labrador,1984,4.35,34.5,-29.3,109,Newfoundland and Labrador,579697,5507882.766836714
Newfoundland and Labrador,1985,3.36,35.4,-28.3,104,Newfoundland and Labrador,578856,5046459.74452956
Newfoundland and Labrador,1986,3.32,30.8,-29.0,103,Newfoundland and Labrador,576514,5028587.32669368
Newfoundland and Labrador,1987,4.2,33.0,-27.0,108,Newfoundland and Labrador,575181,5448330.318457195
Newfoundland and Labrador,1988,4.89,33.5,-26.9,123,Newfoundland and Labrador,574770,5818188.588191973
Newfoundland and Labrador,1989,3.87,36.2,-31.4,131,Newfoundland and Labrador,576057,5789708.9081090735
Newfoundland and Labrador,1990,3.79,33.1,-32.0,138,Newfoundland and Labrador,576982,5694287.410007111
Newfoundland and Labrador,1991,3.09,34.0,-30.3,136,Newfoundland and Labrador,578742,5508937.459612769
Newfoundland and Labrador,1992,2.97,31.9,-30.5,137,Newfoundland and Labrador,579730,5513661.702604788
Newfoundland and Labrador,1993,3.21,35.0,-31.2,147,Newfoundland and Labrador,579840,5741958.593960759
Newfoundland and Labrador,1994,3.84,32.8,-31.0,142,Newfoundland and Labrador,574833,5928587.134664782
Newfoundland and Labrador,1995,3.43,34.5,-30.1,136,Newfoundland and Labrador,568009,5518743.130745139
Newfoundland and Labrador,1996,4.66,35.4,-25.8,128,Newfoundland and Labrador,560576,5758356.365888894
Newfoundland and Labrador,1997,2.76,34.0,-30.6,115,Newfoundland and Labrador,551774,4977581.49409889
Newfoundland and Labrador,1998,4.61,33.5,-26.5,102,Newfoundland and Labrador,541500,5374841.195771414
Newfoundland and Labrador,1999,5.6,35.3,-25.0,100,Newfoundland and Labrador,534147,6117620.694660183
Newfoundland and Labrador,2000,4.79,34.5,-26.6,98,Newfoundland and Labrador,529012,5087381.704649293
Newfoundland and Labrador,2001,4.6,34.7,-27.3,99,Newfoundland and Labrador,523040,5548550.431724473
Newfoundland and Labrador,2002,3.63,36.1,-29.0,98,Newfoundland and Labrador,520097,4831812.844577972
Newfoundland and Labrador,2003,4.24,35.0,-30.5,94,Newfoundland and Labrador,518746,5227477.487516225
Newfoundland and Labrador,2004,4.45,33.2,-26.7,93,Newfoundland and Labrador,517701,5400858.430616001
Newfoundland and Labrador,2005,4.87,33.8,-27.6,93,Newfoundland and Labrador,515027,5432556.411171
Newfoundland and Labrador,2006,4.77,33.0,-26.0,96,Newfoundland and Labrador,511108,4989982.55166
Newfoundland and Labrador,2007,3.19,35.0,-30.0,64,Newfoundland and Labrador,509690,5460799.641262
Newfoundland and Labrador,2008,4.39,38.0,-30.1,80,Newfoundland and Labrador,511806,5300541.854269
Newfoundland and Labrador,2009,3.43,32.7,-28.1,62,Newfoundland and Labrador,516158,4399994.100839
Newfoundland and Labrador,2010,5.57,33.0,-21.4,67,Newfoundland and Labrador,521584,4567904.042622
Newfoundland and Labrador,2011,3.97,30.6,-27.5,74,Newfoundland and Labrador,524690,4273242.247683
Newfoundland and Labrador,2012,4.63,34.8,-29.6,63,Newfoundland and Labrador,526241,4350494.411282999
Newfoundland and Labrador,2013,3.76,33.5,-29.0,65,Newfoundland and Labrador,527304,4376408.374645
Newfoundland and Labrador,2014,3.36,36.5,-32.8,59,Newfoundland and Labrador,527904,4685180.769034
Newfoundland and Labrador,2015,2.52,31.6,-32.8,55,Newfoundland and Labrador,528303,4811231.280362
Newfoundland and Labrador,2016,3.5,32.0,-28.7,54,Newfoundland and Labrador,529485,5441689.471693
Newfoundland and Labrador,2017,4.02,32.4,-27.6,51,Newfoundland and Labrador,529942,5824615.987541
Newfoundland and Labrador,2018,3.43,34.9,-28.6,46,Newfoundland and Labrador,528999,5455231.0618
Newfoundland and Labrador,2019,3.52,33.5,-28.2,47,Newfoundland and Labrador,528101,5719305.021535
Newfoundland and Labrador,2020,4.14,33.5,-29.5,38,Newfoundland and Labrador,527224,3846801.847442
Newfoundland and Labrador,2021,5.44,33.8,-23.6,40,Newfoundland and Labrador,526862,3391562.651329
Newfoundland and Labrador,2022,5.48,33.0,-27.4,36,Newfoundland and Labrador,530679,3178882.2776200003
Newfoundland and Labrador,2023,4.98,36.0,-27.8,36,Newfoundland and Labrador,537973,3189377.514899
Nova Scotia,1950,6.45,32.2,-26.1,35,Nova Scotia,627142,8126937.547812135
Nova Scotia,1951,7.58,32.2,-22.8,35,Nova Scotia,640398,9533333.213586861
Nova Scotia,1952,7.01,35.0,-22.2,35,Nova Scotia,652250,11181371.436978178
Nova Scotia,1953,7.64,31.7,-20.0,36,Nova Scotia,663250,11186908.460880745
Nova Scotia,1954,6.94,32.8,-22.8,38,Nova Scotia,672000,11443638.686617445
Nova Scotia,1955,6.38,35.0,-23.9,41,Nova Scotia,682750,11554510.827329969
Nova Scotia,1956,6.18,33.9,-23.4,44,Nova Scotia,693250,11699842.545150746
Nova Scotia,1957,6.59,33.3,-25.0,45,Nova Scotia,699000,11702339.702307377
Nova Scotia,1958,6.91,31.7,-22.2,52,Nova Scotia,708750,11542783.832000546
Nova Scotia,1959,6.32,33.3,-27.2,49,Nova Scotia,719000,11582514.634707151
Nova Scotia,1960,7.06,36.1,-22.8,52,Nova Scotia,726500,11653801.31860641
Nova Scotia,1961,6.77,33.3,-27.2,53,Nova Scotia,736250,11558806.563531533
Nova Scotia,1962,5.95,33.9,-26.7,58,Nova Scotia,745000,11509817.77776023
Nova Scotia,1963,5.64,35.6,-27.2,59,Nova Scotia,749750,11428783.788059356
Nova Scotia,1964,5.74,32.8,-24.4,62,Nova Scotia,754000,11392664.645687863
Nova Scotia,1965,5.34,35.0,-25.6,66,Nova Scotia,755000,9277782.425857142
Nova Scotia,1966,6.78,31.7,-22.2,73,Nova Scotia,755500,10479513.051578265
Nova Scotia,1967,5.81,32.8,-28.9,72,Nova Scotia,759500,9482249.196011348
Nova Scotia,1968,5.99,33.9,-27.2,73,Nova Scotia,767000,9756029.733777208
Nova Scotia,1969,7.07,34.4,-21.7,74,Nova Scotia,775000,10456061.213998534
Nova Scotia,1970,5.93,34.4,-27.8,73,Nova Scotia,781500,9539282.55161143
Nova Scotia,1971,6.47,34.4,-26.7,73,Nova Scotia,792274,10102194.95250885
Nova Scotia,1972,5.53,34.4,-28.9,75,Nova Scotia,802157,8525711.369319988
Nova Scotia,1973,6.92,35.0,-25.6,79,Nova Scotia,811262,9505708.660015041
Nova Scotia,1974,5.63,32.2,-26.1,79,Nova Scotia,818261,8138105.0812492585
Nova Scotia,1975,6.09,36.1,-27.8,78,Nova Scotia,826194,9533151.221620442
Nova Scotia,1976,6.42,38.9,-27.2,78,Nova Scotia,834812,10087401.586128518
Nova Scotia,1977,6.46,35.0,-24.4,73,Nova Scotia,839945,10457761.186506674
Nova Scotia,1978,5.66,35.0,-26.7,75,Nova Scotia,844466,8544182.55550996
Nova Scotia,1979,7.11,33.0,-24.5,74,Nova Scotia,848879,10455068.577516133
Nova Scotia,1980,5.67,33.5,-26.7,73,Nova Scotia,852126,8958841.657214362
Nova Scotia,1981,7.22,33.3,-22.5,70,Nova Scotia,854902,10348320.902183674
Nova Scotia,1982,6.33,34.5,-26.0,74,Nova Scotia,859088,9921029.770203909
Nova Scotia,1983,7.53,34.5,-22.5,73,Nova Scotia,867586,10309628.996717252
Nova Scotia,1984,7.27,35.0,-25.0,79,Nova Scotia,877198,9332009.760484353
Nova Scotia,1985,5.65,34.0,-28.0,78,Nova Scotia,885198,8248751.583979309
Nova Scotia,1986,5.66,33.1,-26.5,78,Nova Scotia,888939,8277702.937149388
Nova Scotia,1987,6.22,35.5,-26.5,71,Nova Scotia,892881,10011568.033464199
Nova Scotia,1988,6.4,35.5,-26.5,75,Nova Scotia,896729,9518744.325078072
Nova Scotia,1989,6.09,34.0,-29.0,76,Nova Scotia,903024,9208544.298993578
Nova Scotia,1990,7.37,34.0,-25.5,76,Nova Scotia,909510,9479425.380446183
Nova Scotia,1991,6.88,36.0,-26.0,77,Nova Scotia,914386,9571921.569282364
Nova Scotia,1992,5.82,36.0,-27.5,77,Nova Scotia,918982,8716047.27730439
Nova Scotia,1993,6.14,35.0,-29.0,79,Nova Scotia,923593,9023723.622763218
Nova Scotia,1994,6.72,36.0,-29.5,76,Nova Scotia,926652,9605830.671709072
Nova Scotia,1995,6.62,36.0,-25.0,74,Nova Scotia,928296,10099930.477073714
Nova Scotia,1996,6.66,32.6,-24.5,72,Nova Scotia,930826,10372254.853869611
Nova Scotia,1997,5.89,34.0,-25.0,71,Nova Scotia,932330,9349187.416039651
Nova Scotia,1998,7.47,36.0,-21.1,69,Nova Scotia,932290,10370756.353348054
Nova Scotia,1999,8.31,35.0,-23.3,68,Nova Scotia,933496,10416778.512200402
Nova Scotia,2000,7.09,35.5,-24.0,74,Nova Scotia,934291,10398087.732734695
Nova Scotia,2001,7.1,38.0,-25.6,68,Nova Scotia,933043,9906607.92987544
Nova Scotia,2002,6.79,36.9,-23.5,65,Nova Scotia,934763,11513696.19936186
Nova Scotia,2003,6.77,34.0,-28.0,66,Nova Scotia,936924,10721968.293819688
Nova Scotia,2004,5.99,33.5,-27.5,64,Nova Scotia,939291,11728073.029128
Nova Scotia,2005,6.76,34.0,-25.5,60,Nova Scotia,938469,11704955.728209
Nova Scotia,2006,7.71,37.5,-21.0,55,Nova Scotia,937681,10778505.216084
Nova Scotia,2007,6.1,34.8,-25.9,42,Nova Scotia,935464,11420545.100895
Nova Scotia,2008,7.72,33.0,-23.0,46,Nova Scotia,936079,11107710.470893
Nova Scotia,2009,6.7,39.0,-25.0,38,Nova Scotia,938440,10792194.481489
Nova Scotia,2010,7.97,34.7,-19.7,47,Nova Scotia,942048,10618193.5982
Nova Scotia,2011,8.17,33.5,-21.8,46,Nova Scotia,944186,9877761.188406
Nova Scotia,2012,8.29,33.5,-22.2,41,Nova Scotia,943304,8816380.518772
Nova Scotia,2013,6.9,34.1,-24.8,38,Nova Scotia,940486,9126322.125822
Nova Scotia,2014,7.08,33.1,-25.6,34,Nova Scotia,938316,7825608.20109
Nova Scotia,2015,6.46,35.6,-27.9,31,Nova Scotia,937289,7606531.299098
Nova Scotia,2016,7.5,38.0,-22.0,31,Nova Scotia,942263,7792051.672228999
Nova Scotia,2017,7.55,33.0,-23.3,33,Nova Scotia,951050,7580103.723292
Nova Scotia,2018,7.25,35.5,-23.8,35,Nova Scotia,961061,7879296.058159
Nova Scotia,2019,6.48,35.7,-23.7,35,Nova Scotia,974449,7612449.050305
Nova Scotia,2020,7.79,35.0,-22.2,32,Nova Scotia,987164,7155146.479586
Nova Scotia,2021,7.94,33.5,-21.0,32,Nova Scotia,997659,6711783.236845
Nova Scotia,2022,8.11,35.4,-23.3,30,Nova Scotia,1021422,6460141.717771
Nova Scotia,2023,7.93,34.1,-22.2,30,Nova Scotia,1052025,5830552.832156
Ontario,1950,4.67,37.2,-37.8,205,Ontario,4501185,20141401.477742933
Ontario,1951,5.45,35.6,-36.1,214,Ontario,4603440,20660314.502153505
Ontario,1952,6.39,37.8,-32.8,221,Ontario,4779250,20889370.503730703
Ontario,1953,7.08,38.3,-31.1,234,Ontario,4935250,21016523.364005014
Ontario,1954,5.81,37.3,-33.9,240,Ontario,5108250,20986263.339274682
Ontario,1955,6.33,39.4,-37.2,238,Ontario,5258250,21073112.273361865
Ontario,1956,4.93,37.2,-35.0,239,Ontario,5403000,20207165.544118013
Ontario,1957,5.77,36.7,-35.6,238,Ontario,5624750,20822668.930006165
Ontario,1958,5.16,35.0,-35.0,237,Ontario,5814250,20212214.88467245
Ontario,1959,5.66,38.3,-38.3,256,Ontario,5962500,20869569.678615626
Ontario,1960,5.47,35.6,-35.6,249,Ontario,6105500,20853961.397422094
Ontario,1961,6.06,36.7,-34.5,264,Ontario,6231000,21208291.279030174
Ontario,1962,5.78,35.6,-36.7,277,Ontario,6347500,21189413.608563222
Ontario,1963,5.25,37.2,-37.8,271,Ontario,6478500,20566087.470268533
Ontario,1964,6.07,37.2,-33.3,274,Ontario,6626750,21185196.016944204
Ontario,1965,5.42,36.7,-33.9,284,Ontario,6783250,20673092.057734814
Ontario,1966,5.75,37.8,-33.9,293,Ontario,6954000,21056119.376200724
Ontario,1967,5.68,34.4,-35.0,294,Ontario,7121750,20936361.41592256
Ontario,1968,6.01,35.6,-35.0,306,Ontario,7257750,21165825.909087792
Ontario,1969,5.71,36.1,-33.3,319,Ontario,7385250,21035784.372696433
Ontario,1970,5.49,35.6,-38.4,322,Ontario,7548750,21005410.501734022
Ontario,1971,5.84,37.8,-35.6,332,Ontario,7767567,20171023.980609454
Ontario,1972,4.58,38.9,-37.2,326,Ontario,7947178,19049707.17307468
Ontario,1973,6.88,37.2,-33.3,323,Ontario,8057794,20061781.87590406
Ontario,1974,5.46,35.6,-34.4,333,Ontario,8189190,19836233.613818146
Ontario,1975,6.27,42.8,-35.0,329,Ontario,8304342,20193949.003685284
Ontario,1976,5.01,37.2,-37.8,332,Ontario,8401757,19314578.001227017
Ontario,1977,5.97,39.4,-35.2,335,Ontario,8493530,20129885.157598723
Ontario,1978,4.87,38.5,-38.0,330,Ontario,8578040,19131977.38511287
Ontario,1979,5.52,36.0,-36.0,329,Ontario,8648592,20049107.5711117
Ontario,1980,5.04,37.0,-37.0,330,Ontario,8727944,19345783.00079516
Ontario,1981,6.25,38.0,-33.2,321,Ontario,8804010,20240267.040827982
Ontario,1982,5.52,37.0,-37.3,313,Ontario,8908938,19973013.620060254
Ontario,1983,6.59,40.3,-33.3,322,Ontario,9026909,20212400.733075835
Ontario,1984,6.31,38.0,-34.6,317,Ontario,9152063,20241788.409531683
Ontario,1985,5.72,39.0,-34.8,309,Ontario,9279890,20030115.741467338
Ontario,1986,6.36,36.0,-32.3,311,Ontario,9421117,20366818.029275294
Ontario,1987,7.29,37.0,-30.9,301,Ontario,9612540,20251637.361800946
Ontario,1988,6.39,40.5,-34.9,301,Ontario,9816491,20210476.357843496
Ontario,1989,5.41,37.5,-38.0,299,Ontario,10068044,19601704.728220362
Ontario,1990,7.17,37.0,-30.1,294,Ontario,10267345,20251637.361800946
Ontario,1991,7.29,37.5,-33.2,293,Ontario,10409479,20179612.239107173
Ontario,1992,5.52,36.0,-31.9,301,Ontario,10549810,35557726.43722743
Ontario,1993,5.81,36.0,-34.9,292,Ontario,10676423,70993248.2900604
Ontario,1994,5.95,36.5,-36.8,290,Ontario,10800283,74692355.95798564
Ontario,1995,5.87,40.0,-35.0,286,Ontario,10931434,74853260.58773254
Ontario,1996,5.51,36.0,-36.0,277,Ontario,11065044,74946086.82923381
Ontario,1997,5.82,36.0,-33.2,268,Ontario,11208193,75269090.720578
Ontario,1998,8.33,36.6,-27.7,257,Ontario,11347200,75150970.25825526
Ontario,1999,7.45,37.1,-31.6,255,Ontario,11484167,75150970.25825526
Ontario,2000,6.21,35.0,-33.4,253,Ontario,11657472,75259593.82998165
Ontario,2001,7.54,38.5,-29.5,250,Ontario,11864577,75194883.01524788
Ontario,2002,6.71,38.1,-31.6,234,Ontario,12062059,75350466.80624084
Ontario,2003,5.73,36.5,-35.9,232,Ontario,12220929,75734511.63652584
Ontario,2004,5.71,34.5,-35.5,228,Ontario,12367225,76907177.89699599
Ontario,2005,6.58,37.5,-35.8,230,Ontario,12506784,78722301.822011
Ontario,2006,7.38,37.8,-28.8,225,Ontario,12642187,71855117.32344
Ontario,2007,6.2,37.5,-35.5,184,Ontario,12750762,74582246.299532
Ontario,2008,5.66,35.0,-35.6,177,Ontario,12866628,67463073.382632
Ontario,2009,5.33,35.0,-35.5,175,Ontario,12984262,49951254.993304
Ontario,2010,7.3,38.0,-31.1,181,Ontario,13118704,56650619.474264
Ontario,2011,6.46,45.0,-34.9,191,Ontario,13248544,50093302.358
Ontario,2012,7.87,38.5,-29.5,188,Ontario,13376112,50670296.978281
Ontario,2013,5.67,36.0,-36.6,183,Ontario,13496707,46048849.327834
Ontario,2014,4.39,34.7,-39.8,171,Ontario,13606394,43636011.958119
Ontario,2015,6.1,35.2,-37.7,162,Ontario,13698942,42513142.840018
Ontario,2016,6.91,36.5,-33.6,157,Ontario,13853924,42141997.982523
Ontario,2017,6.55,35.5,-33.1,147,Ontario,14056827,43626123.29678
Ontario,2018,5.7,37.5,-36.7,147,Ontario,14297687,46223648.398457
Ontario,2019,5.23,36.5,-37.0,146,Ontario,14545972,45546395.000791
Ontario,2020,6.59,37.5,-32.2,144,Ontario,14747480,42965057.438082
Ontario,2021,7.28,38.0,-33.1,144,Ontario,14840405,46742225.006134
Ontario,2022,5.66,36.4,-38.1,139,Ontario,15117224,47797976.327257
Ontario,2023,7.28,38.0,-30.4,131,Ontario,15580514,49568089.346391
Quebec,1950,2.77,35.0,-40.6,157,Quebec,3965725,22598003.600795615
Quebec,1951,3.57,35.0,-38.9,171,Quebec,4052052,22652892.164974347
Quebec,1952,4.08,36.7,-36.7,178,Quebec,4167750,22519898.809470996
Quebec,1953,4.61,37.8,-35.0,182,Quebec,4267000,22401240.04907879
Quebec,1954,3.02,35.6,-38.9,182,Quebec,4385000,22648557.21398563
Quebec,1955,3.36,37.8,-41.1,183,Quebec,4510750,22648628.423583325
Quebec,1956,2.2,37.8,-38.3,181,Quebec,4624750,22411434.208847
Quebec,1957,3.48,35.6,-40.0,194,Quebec,4762500,22611878.80168913
Quebec,1958,2.84,35.0,-38.3,205,Quebec,4897500,22418271.075093888
Quebec,1959,3.03,36.1,-42.8,201,Quebec,5019750,22559402.024875846
Quebec,1960,3.71,35.6,-37.2,214,Quebec,5137500,22452948.888278708
Quebec,1961,3.49,35.0,-40.0,205,Quebec,5254500,22536014.426403567
Quebec,1962,2.43,35.6,-42.2,203,Quebec,5367000,22434197.520235896
Quebec,1963,2.75,36.1,-41.7,296,Quebec,5476250,22694167.962549973
Quebec,1964,3.3,36.1,-37.2,310,Quebec,5580250,22668402.944477815
Quebec,1965,2.57,34.4,-38.9,328,Quebec,5681500,22539300.582138635
Quebec,1966,3.75,35.6,-35.0,345,Quebec,5774250,22552323.91578009
Quebec,1967,2.86,36.7,-41.1,357,Quebec,5857500,22733518.79133472
Quebec,1968,3.09,35.6,-40.0,364,Quebec,5924500,22716039.719094563
Quebec,1969,3.66,34.4,-34.4,357,Quebec,5981000,22525453.939711515
Quebec,1970,3.09,35.6,-41.7,359,Quebec,6010750,22707718.10203503
Quebec,1971,3.24,35.6,-40.0,378,Quebec,6081106,22830125.41404329
Quebec,1972,1.91,35.0,-42.8,387,Quebec,6168675,22747787.276858803
Quebec,1973,4.75,35.6,-37.2,477,Quebec,6207238,22476450.419054553
Quebec,1974,3.0,35.6,-38.9,475,Quebec,6261372,22778094.662478577
Quebec,1975,4.12,40.0,-40.0,466,Quebec,6322332,22889958.06094042
Quebec,1976,2.96,37.8,-42.2,454,Quebec,6385255,22866688.5656145
Quebec,1977,4.14,40.0,-36.2,455,Quebec,6425092,22738625.859433264
Quebec,1978,3.0,38.9,-40.3,459,Quebec,6437989,22958476.24688504
Quebec,1979,4.46,35.0,-37.6,451,Quebec,6459979,22496195.317682322
Quebec,1980,2.97,34.0,-39.7,458,Quebec,6498485,22586129.71768777
Quebec,1981,4.69,37.0,-34.9,450,Quebec,6540880,22547675.956695423
Quebec,1982,3.17,36.0,-40.6,444,Quebec,6575840,22824320.22237573
Quebec,1983,4.3,38.0,-36.5,420,Quebec,6598969,22562611.341547504
Quebec,1984,3.88,36.0,-39.1,417,Quebec,6626718,22748873.618280083
Quebec,1985,2.78,33.5,-40.0,410,Quebec,6660817,22586711.69013383
Quebec,1986,3.11,33.0,-38.6,366,Quebec,6703313,22615818.874923285
Quebec,1987,4.23,36.5,-37.0,362,Quebec,6772196,22505802.562652566
Quebec,1988,3.72,38.0,-39.6,361,Quebec,6831143,22862856.275265187
Quebec,1989,2.72,36.5,-44.6,359,Quebec,6914476,22809539.863791384
Quebec,1990,4.34,35.5,-37.1,352,Quebec,6986226,22496195.317682322
Quebec,1991,3.58,36.0,-40.4,350,Quebec,7054592,22824576.778227374
Quebec,1992,2.64,35.5,-40.3,296,Quebec,7104606,22767273.020611536
Quebec,1993,2.87,35.5,-42.0,306,Quebec,7153278,22769554.802012835
Quebec,1994,2.59,38.5,-43.0,315,Quebec,7189008,22890359.43764281
Quebec,1995,3.61,36.5,-39.3,264,Quebec,7215800,22861438.696152404
Quebec,1996,3.65,34.5,-38.6,266,Quebec,7243693,22699366.977734827
Quebec,1997,2.79,36.0,-40.2,264,Quebec,7272062,22776769.001252163
Quebec,1998,6.07,36.0,-32.6,262,Quebec,7294436,22542636.520299304
Quebec,1999,5.17,40.0,-36.3,255,Quebec,7320816,22561551.39518942
Quebec,2000,3.95,31.9,-36.3,256,Quebec,7353293,22313235.254993245
Quebec,2001,5.33,37.0,-34.8,262,Quebec,7391230,22561636.273462817
Quebec,2002,4.05,38.4,-36.3,265,Quebec,7435487,22673031.121782083
Quebec,2003,3.48,36.5,-41.2,235,Quebec,7480399,22701880.183741473
Quebec,2004,3.4,38.9,-39.5,288,Quebec,7529847,23398157.707397
Quebec,2005,4.54,39.0,-38.5,232,Quebec,7576800,22312177.045017
Quebec,2006,5.59,36.0,-31.7,230,Quebec,7626126,22464869.254153
Quebec,2007,3.83,39.1,-38.6,229,Quebec,7685039,23423962.694262
Quebec,2008,4.13,39.1,-38.6,233,Quebec,7753266,20128038.616412
Quebec,2009,4.02,33.7,-37.7,228,Quebec,7833114,20550088.638552
Quebec,2010,6.07,37.0,-30.0,227,Quebec,7918616,20965463.609781
Quebec,2011,4.97,36.0,-35.9,225,Quebec,7993804,20241550.513728
Quebec,2012,5.62,36.0,-34.3,225,Quebec,8050860,20858035.142036
Quebec,2013,4.44,38.6,-37.2,226,Quebec,8100324,20033074.887657
Quebec,2014,3.8,34.2,-40.5,220,Quebec,8140808,20317425.046203
Quebec,2015,3.74,34.2,-42.3,214,Quebec,8171490,19938604.455869
Quebec,2016,5.15,34.5,-37.0,202,Quebec,8217370,19667868.281657
Quebec,2017,5.64,34.3,-35.4,190,Quebec,8284231,22895512.335737
Quebec,2018,2.59,37.2,-40.5,188,Quebec,8374735,22088709.253856
Quebec,2019,2.93,35.2,-39.8,182,Quebec,8470681,22675630.07072
Quebec,2020,5.39,37.4,-33.9,181,Quebec,8547809,21715893.144033
Quebec,2021,5.35,35.3,-34.5,178,Quebec,8570648,22768226.518276
Quebec,2022,4.37,34.0,-39.4,174,Quebec,8661918,22732613.737026
Quebec,2023,5.54,36.2,-34.4,170,Quebec,8831660,22884555.922579
Saskatchewan,1950,0.12,37.8,-50.0,90,Saskatchewan,813432,18589106.042980656
Saskatchewan,1951,0.29,39.4,-45.6,98,Saskatchewan,830152,20428470.31906544
Saskatchewan,1952,3.08,40.6,-40.6,107,Saskatchewan,842250,22428637.297096968
Saskatchewan,1953,3.82,42.2,-37.8,116,Saskatchewan,859000,22460758.72463359
Saskatchewan,1954,2.7,36.7,-41.1,127,Saskatchewan,871750,22229551.750708893
Saskatchewan,1955,0.82,37.2,-47.3,125,Saskatchewan,878250,21713577.162864767
Saskatchewan,1956,1.57,37.8,-45.0,141,Saskatchewan,879750,22035503.733851396
Saskatchewan,1957,2.23,38.9,-42.8,149,Saskatchewan,878750,22137849.809876647
Saskatchewan,1958,2.92,41.7,-39.4,155,Saskatchewan,891000,22474295.22766181
Saskatchewan,1959,2.16,39.4,-41.1,164,Saskatchewan,905750,22179774.19597069
Saskatchewan,1960,2.28,40.6,-42.8,167,Saskatchewan,914250,22187221.995183915
Saskatchewan,1961,3.04,43.3,-42.2,178,Saskatchewan,924000,22456897.235928196
Saskatchewan,1962,2.71,37.2,-43.9,178,Saskatchewan,929250,22208470.039844237
Saskatchewan,1963,3.33,39.4,-44.4,183,Saskatchewan,931500,22363205.601307224
Saskatchewan,1964,1.95,41.7,-43.9,185,Saskatchewan,941000,22324259.04165789
Saskatchewan,1965,0.54,38.9,-47.2,183,Saskatchewan,949500,21945217.195488226
Saskatchewan,1966,0.79,39.4,-48.3,192,Saskatchewan,954750,21921384.096702818
Saskatchewan,1967,1.33,38.9,-45.6,195,Saskatchewan,956750,22115285.607984047
Saskatchewan,1968,2.26,38.3,-41.7,188,Saskatchewan,959750,22070870.120441664
Saskatchewan,1969,1.21,41.7,-46.1,180,Saskatchewan,957750,22260898.6433101
Saskatchewan,1970,1.24,39.4,-47.2,187,Saskatchewan,940750,22115518.613626033
Saskatchewan,1971,1.61,40.6,-45.6,193,Saskatchewan,928275,22132527.373589583
Saskatchewan,1972,0.41,40.0,-49.4,191,Saskatchewan,920467,21921236.87736888
Saskatchewan,1973,2.89,39.4,-40.6,205,Saskatchewan,911644,22338407.07539819
Saskatchewan,1974,1.82,37.2,-42.8,202,Saskatchewan,908116,22134244.921521936
Saskatchewan,1975,1.46,39.4,-44.4,198,Saskatchewan,915819,22282157.789714865
Saskatchewan,1976,2.92,38.9,-42.8,192,Saskatchewan,930528,22268695.961374033
Saskatchewan,1977,2.94,37.2,-42.7,195,Saskatchewan,942943,22158951.484621063
Saskatchewan,1978,1.45,38.3,-47.3,198,Saskatchewan,951505,22195283.292866457
Saskatchewan,1979,1.13,40.0,-47.0,198,Saskatchewan,958596,22250831.97869446
Saskatchewan,1980,2.65,40.0,-43.9,197,Saskatchewan,966544,22341555.638950564
Saskatchewan,1981,4.7,40.5,-35.8,205,Saskatchewan,975036,22133791.122793473
Saskatchewan,1982,0.42,35.5,-49.0,203,Saskatchewan,985876,21694017.361709487
Saskatchewan,1983,2.39,41.5,-42.8,205,Saskatchewan,999334,22662687.276755527
Saskatchewan,1984,2.66,43.0,-42.5,213,Saskatchewan,1012931,22766360.82814827
Saskatchewan,1985,1.34,40.0,-45.0,216,Saskatchewan,1023575,22595908.234788984
Saskatchewan,1986,3.43,37.0,-37.5,211,Saskatchewan,1028305,22520487.642042562
Saskatchewan,1987,5.17,40.5,-31.8,210,Saskatchewan,1031442,22475527.73534436
Saskatchewan,1988,3.49,42.0,-43.3,204,Saskatchewan,1027949,22813628.39637504
Saskatchewan,1989,1.93,40.5,-47.0,208,Saskatchewan,1019320,22543916.20885681
Saskatchewan,1990,2.86,39.5,-43.0,202,Saskatchewan,1008330,22648638.174957585
Saskatchewan,1991,3.24,39.0,-42.0,199,Saskatchewan,1002296,22713883.829314362
Saskatchewan,1992,3.23,37.5,-36.8,222,Saskatchewan,1002730,22508078.840371028
Saskatchewan,1993,2.26,36.5,-39.5,217,Saskatchewan,1005599,22511988.63316449
Saskatchewan,1994,2.31,37.5,-44.5,210,Saskatchewan,1009113,22468149.03688602
Saskatchewan,1995,1.81,39.5,-42.5,200,Saskatchewan,1013529,22578409.142073616
Saskatchewan,1996,-0.15,38.8,-50.0,196,Saskatchewan,1018106,22247767.399272457
Saskatchewan,1997,2.93,39.3,-42.2,186,Saskatchewan,1017834,22672933.35682622
Saskatchewan,1998,3.91,40.0,-39.2,175,Saskatchewan,1017422,22676242.658778314
Saskatchewan,1999,3.61,38.0,-36.5,172,Saskatchewan,1014926,22562371.827272758
Saskatchewan,2000,2.06,38.0,-43.8,169,Saskatchewan,1008478,22409832.290679585
Saskatchewan,2001,3.72,40.5,-38.8,160,Saskatchewan,1001165,22712141.028754
Saskatchewan,2002,1.78,41.0,-42.7,158,Saskatchewan,997428,22513754.04060469
Saskatchewan,2003,2.65,41.0,-45.3,154,Saskatchewan,996270,22542340.69105135
Saskatchewan,2004,2.06,37.0,-40.9,150,Saskatchewan,997002,22297455.111623
Saskatchewan,2005,3.04,39.5,-39.6,152,Saskatchewan,994406,22700179.278662
Saskatchewan,2006,3.69,38.2,-37.2,138,Saskatchewan,992287,22212634.111888
Saskatchewan,2007,3.14,43.0,-41.6,131,Saskatchewan,1000522,23107898.124019
Saskatchewan,2008,1.01,39.5,-46.5,126,Saskatchewan,1015902,22018014.391676
Saskatchewan,2009,1.18,38.5,-45.6,106,Saskatchewan,1032532,22537097.746421
Saskatchewan,2010,2.72,36.8,-39.6,102,Saskatchewan,1049311,22804530.923498
Saskatchewan,2011,2.45,36.9,-43.0,104,Saskatchewan,1064016,22553539.2973
Saskatchewan,2012,3.01,37.0,-40.0,100,Saskatchewan,1080479,23658763.898548
Saskatchewan,2013,1.16,36.5,-47.0,93,Saskatchewan,1096497,23885252.649007
Saskatchewan,2014,1.16,38.0,-46.0,87,Saskatchewan,1110323,23993084.599032
Saskatchewan,2015,3.53,39.7,-40.0,81,Saskatchewan,1120668,24997856.606502
Saskatchewan,2016,3.62,36.3,-37.5,83,Saskatchewan,1133608,25170020.795841
Saskatchewan,2017,3.2,39.0,-40.8,80,Saskatchewan,1145931,29232903.583217
Saskatchewan,2018,1.09,42.3,-44.9,75,Saskatchewan,1155438,29767151.704176
Saskatchewan,2019,0.96,38.0,-46.1,70,Saskatchewan,1163702,29252267.20921
Saskatchewan,2020,2.06,38.0,-41.5,69,Saskatchewan,1167953,25579273.735978
Saskatchewan,2021,2.8,41.0,-44.6,68,Saskatchewan,1167640,28705137.694328
Saskatchewan,2022,1.5,39.2,-48.0,66,Saskatchewan,1177684,28393359.114955
Saskatchewan,2023,3.52,39.5,-40.2,63,Saskatchewan,1206390,28416601.383306
Yukon,1950,-4.48,35.0,-55.6,8,Yukon,8778,98403.97503883993
Yukon,1951,-5.49,35.6,-52.2,11,Yukon,8953,98408.76467323993
Yukon,1952,-2.71,29.4,-52.2,11,Yukon,9000,78289.00405279001
Yukon,1953,-3.06,32.2,-52.2,10,Yukon,9000,77821.11814835001
Yukon,1954,-3.62,28.9,-52.2,11,Yukon,9750,78381.11915428001
Yukon,1955,-5.28,31.1,-55.6,12,Yukon,11250,78718.58691219002
Yukon,1956,-4.96,30.0,-51.7,11,Yukon,12000,33346.56112455999
Yukon,1957,-2.98,30.6,-51.7,11,Yukon,12250,32550.55732239999
Yukon,1958,-2.93,33.3,-48.3,13,Yukon,13000,16314.258513020002
Yukon,1959,-4.86,28.9,-51.7,17,Yukon,13000,33346.56112455999
Yukon,1960,-3.55,31.1,-46.7,16,Yukon,14000,17818.176563230005
Yukon,1961,-5.8,31.7,-54.4,15,Yukon,14500,78742.25998458001
Yukon,1962,-3.97,31.1,-52.2,16,Yukon,15000,78303.64685212001
Yukon,1963,-3.9,30.0,-51.7,19,Yukon,15000,32924.354247229996
Yukon,1964,-4.63,28.3,-55.6,18,Yukon,15000,78799.49692421002
Yukon,1965,-3.87,33.9,-54.4,16,Yukon,14750,77968.36282516
Yukon,1966,-5.14,31.1,-56.7,22,Yukon,14500,78718.37648018003
Yukon,1967,-3.96,30.6,-50.0,22,Yukon,15000,18518.761017790006
Yukon,1968,-3.92,29.5,-53.9,26,Yukon,15500,75248.87324807
Yukon,1969,-4.15,36.1,-53.9,27,Yukon,16000,176265.9668557999
Yukon,1970,-3.65,30.0,-50.0,30,Yukon,17000,12335.98568156
Yukon,1971,-4.94,33.3,-58.3,35,Yukon,18613,75894.88703344003
Yukon,1972,-6.15,31.7,-56.7,33,Yukon,20074,75857.78139850001
Yukon,1973,-5.1,30.0,-55.0,35,Yukon,20951,75706.60606350002
Yukon,1974,-3.39,29.4,-53.3,48,Yukon,21068,456657.8530000398
Yukon,1975,-4.59,33.9,-56.7,41,Yukon,21848,106152.97542579996
Yukon,1976,-1.53,33.3,-48.9,48,Yukon,22368,402093.9199533101
Yukon,1977,-2.22,32.5,-48.9,45,Yukon,22445,278869.6772128201
Yukon,1978,-1.77,32.8,-47.8,41,Yukon,22945,44090.390984619975
Yukon,1979,-3.58,30.1,-55.0,36,Yukon,22924,105541.69895500995
Yukon,1980,-3.35,33.5,-54.0,40,Yukon,23027,105759.12292075994
Yukon,1981,-1.76,30.5,-44.5,41,Yukon,23707,43563.68393077998
Yukon,1982,-5.3,31.0,-58.5,45,Yukon,24465,337531.47418504016
Yukon,1983,-4.56,36.0,-54.5,44,Yukon,23741,251399.78057197007
Yukon,1984,-3.16,31.4,-50.0,45,Yukon,23809,278728.0582609
Yukon,1985,-3.66,29.8,-49.6,44,Yukon,24308,88938.1272976801
Yukon,1986,-2.89,32.0,-48.0,44,Yukon,24484,89033.4194265501
Yukon,1987,-1.98,31.5,-46.0,42,Yukon,25506,43909.77997218998
Yukon,1988,-2.3,31.8,-48.0,44,Yukon,26368,89005.94766050011
Yukon,1989,-2.98,34.0,-54.0,46,Yukon,27079,437827.37176309974
Yukon,1990,-3.75,33.0,-56.0,43,Yukon,27852,105736.07831432995
Yukon,1991,-2.81,31.0,-49.0,43,Yukon,28682,43944.61382629
Yukon,1992,-3.25,33.0,-48.0,44,Yukon,29717,89005.8404592501
Yukon,1993,-1.66,30.2,-47.6,46,Yukon,30107,407004.6980306399
Yukon,1994,-2.99,33.9,-50.5,48,Yukon,29660,383271.37239474
Yukon,1995,-3.31,32.5,-53.0,51,Yukon,30336,477772.4881708098
Yukon,1996,-6.04,31.5,-55.0,46,Yukon,31272,456695.34211025975
Yukon,1997,-2.89,31.7,-51.0,47,Yukon,31661,403746.6989978299
Yukon,1998,-2.69,35.0,-50.0,48,Yukon,31214,404677.47815523
Yukon,1999,-3.96,33.5,-53.0,48,Yukon,30686,456844.1843923498
Yukon,2000,-3.27,30.0,-47.0,47,Yukon,30400,407031.9180980498
Yukon,2001,-3.65,32.5,-48.5,47,Yukon,30128,407869.21841889
Yukon,2002,-3.46,31.0,-46.9,46,Yukon,30227,407346.52551618
Yukon,2003,-3.79,32.0,-48.8,45,Yukon,30790,279222.81015004014
Yukon,2004,-3.7,36.5,-53.5,44,Yukon,31466,
Yukon,2005,-2.16,31.0,-48.0,43,Yukon,31915,
Yukon,2006,-4.04,35.0,-49.5,43,Yukon,32224,
Yukon,2007,-3.98,31.5,-51.5,42,Yukon,32452,
Yukon,2008,-4.13,30.0,-54.0,37,Yukon,33024,
Yukon,2009,-3.61,38.0,-51.5,33,Yukon,33687,11727.487922
Yukon,2010,-2.0,33.0,-46.2,34,Yukon,34410,11631.695234
Yukon,2011,-3.73,30.0,-50.0,34,Yukon,35182,12032.407391
Yukon,2012,-4.4,32.7,-51.4,35,Yukon,35988,12559.115039
Yukon,2013,-3.24,34.5,-51.0,31,Yukon,36345,12359.140961
Yukon,2014,-3.41,31.2,-47.0,29,Yukon,36817,12222.588469
Yukon,2015,-3.47,30.5,-48.7,27,Yukon,37463,11871.28483
Yukon,2016,-2.2,30.5,-43.7,20,Yukon,38264,12206.29843
Yukon,2017,-2.77,31.8,-47.8,21,Yukon,39287,29986.013067
Yukon,2018,-3.57,31.7,-47.7,19,Yukon,40212,46646.770001
Yukon,2019,-1.82,31.3,-45.1,20,Yukon,41036,46625.7268
Yukon,2020,-4.38,30.3,-49.8,20,Yukon,41845,58318.56035099999
Yukon,2021,-4.45,32.5,-49.4,21,Yukon,42672,49494.380384
Yukon,2022,-3.65,32.3,-52.2,20,Yukon,43654,152673.490228
Yukon,2023,-1.51,35.5,-44.6,20,Yukon,45141,32444.163065
