Province,Year,Annual_Mean_Temp,Annual_Max_Temp,Annual_Min_Temp,Station_Count,GEO,Population
AB,1950,1.25,36.7,-46.1,96,Alberta,919744
AB,1951,0.88,38.9,-44.4,96,Alberta,939834
AB,1952,4.11,36.1,-36.7,104,Alberta,971500
AB,1953,4.39,38.9,-33.3,112,Alberta,1010250
AB,1954,3.08,40.0,-38.9,111,Alberta,1054250
AB,1955,1.35,38.3,-43.3,117,Alberta,1089500
AB,1956,3.17,36.7,-40.0,136,Alberta,1122250
AB,1957,2.95,36.7,-38.3,125,Alberta,1161250
AB,1958,3.84,36.7,-35.0,127,Alberta,1205250
AB,1959,2.68,36.7,-37.3,122,Alberta,1247250
AB,1960,2.99,40.6,-38.3,119,Alberta,1289750
AB,1961,3.86,41.7,-37.8,123,Alberta,1330500
AB,1962,4.83,36.1,-35.6,180,Alberta,1368500
AB,1963,5.6,37.2,-35.0,201,Alberta,1402500
AB,1964,4.45,38.9,-35.6,208,Alberta,1427750
AB,1965,4.32,35.6,-37.8,279,Alberta,1448000
AB,1966,4.19,35.0,-37.8,303,Alberta,1462500
AB,1967,4.92,38.3,-35.6,326,Alberta,1488250
AB,1968,4.8,37.2,-34.5,332,Alberta,1522750
AB,1969,4.49,40.6,-39.4,335,Alberta,1558000
AB,1970,4.39,41.1,-38.9,344,Alberta,1593000
AB,1971,4.62,39.4,-38.9,329,Alberta,1645089
AB,1972,3.74,36.7,-40.0,337,Alberta,1691588
AB,1973,4.81,40.0,-33.9,350,Alberta,1722375
AB,1974,4.74,39.4,-33.9,366,Alberta,1752854
AB,1975,3.89,40.6,-38.3,373,Alberta,1802853
AB,1976,6.2,37.2,-32.2,360,Alberta,1864399
AB,1977,5.56,36.7,-32.4,356,Alberta,1942192
AB,1978,4.7,39.0,-36.3,347,Alberta,2017090
AB,1979,4.91,38.5,-37.8,341,Alberta,2092557
AB,1980,5.51,35.0,-35.3,347,Alberta,2184262
AB,1981,6.88,38.0,-28.8,348,Alberta,2282738
AB,1982,3.53,35.0,-40.7,346,Alberta,2359433
AB,1983,5.07,41.0,-34.8,343,Alberta,2389818
AB,1984,5.03,44.0,-34.9,344,Alberta,2394104
AB,1985,4.46,39.0,-36.0,360,Alberta,2402201
AB,1986,5.87,38.2,-30.7,358,Alberta,2425855
AB,1987,6.7,39.0,-26.4,364,Alberta,2437612
AB,1988,6.1,40.0,-32.8,369,Alberta,2453974
AB,1989,5.41,38.0,-37.3,388,Alberta,2493023
AB,1990,5.67,39.0,-36.1,381,Alberta,2540902
AB,1991,5.93,40.0,-33.0,362,Alberta,2587477
AB,1992,5.91,36.5,-30.1,362,Alberta,2627162
AB,1993,5.16,35.0,-32.5,377,Alberta,2663774
AB,1994,4.95,37.8,-37.0,374,Alberta,2696102
AB,1995,4.31,39.4,-35.5,378,Alberta,2730105
AB,1996,2.94,37.0,-43.0,383,Alberta,2770298
AB,1997,5.6,38.5,-33.8,375,Alberta,2822523
AB,1998,6.47,40.2,-33.8,370,Alberta,2887726
AB,1999,5.84,36.8,-28.8,384,Alberta,2945712
AB,2000,4.28,38.5,-34.4,398,Alberta,2996032
AB,2001,5.31,39.8,-31.7,410,Alberta,3051622
AB,2002,3.84,40.0,-35.3,454,Alberta,3118802
AB,2003,4.38,39.4,-35.7,463,Alberta,3176504
AB,2004,4.81,39.0,-32.3,457,Alberta,3233188
AB,2005,5.28,37.2,-30.6,456,Alberta,3310477
AB,2006,5.62,38.3,-31.1,444,Alberta,3411010
AB,2007,5.25,41.0,-31.6,486,Alberta,3502798
AB,2008,4.65,38.1,-36.9,421,Alberta,3582868
AB,2009,3.85,37.0,-38.1,396,Alberta,3667767
AB,2010,4.43,37.7,-32.8,395,Alberta,3724157
AB,2011,4.29,37.9,-36.0,403,Alberta,3778993
AB,2012,3.62,37.8,-36.1,252,Alberta,3859303
AB,2013,3.14,36.7,-38.3,243,Alberta,3962294
AB,2014,2.81,36.6,-39.7,236,Alberta,4066082
AB,2015,4.79,38.5,-33.1,226,Alberta,4138209
AB,2016,4.95,35.6,-31.0,220,Alberta,4189192
AB,2017,3.97,38.1,-36.4,211,Alberta,4232820
AB,2018,2.74,40.8,-38.2,210,Alberta,4286099
AB,2019,2.36,37.3,-40.1,206,Alberta,4348515
AB,2020,3.21,37.7,-37.6,206,Alberta,4404480
AB,2021,3.89,42.8,-40.0,203,Alberta,4431360
AB,2022,3.01,40.6,-41.7,201,Alberta,4503729
AB,2023,5.04,39.8,-33.4,199,Alberta,4666165
BC,1950,6.25,38.3,-30.6,148,British Columbia,1139195
BC,1951,6.51,40.6,-27.8,157,British Columbia,1164661
BC,1952,7.31,39.4,-22.8,167,British Columbia,1204500
BC,1953,7.87,38.9,-19.4,171,British Columbia,1248250
BC,1954,6.75,35.6,-23.9,179,British Columbia,1294000
BC,1955,5.43,39.4,-27.8,189,British Columbia,1341500
BC,1956,6.66,41.1,-26.1,189,British Columbia,1399000
BC,1957,6.87,36.7,-26.7,212,British Columbia,1479500
BC,1958,8.46,40.6,-21.1,225,British Columbia,1536000
BC,1959,6.97,39.5,-22.8,237,British Columbia,1567000
BC,1960,7.22,40.6,-22.2,246,British Columbia,1601000
BC,1961,7.75,41.7,-22.2,253,British Columbia,1629750
BC,1962,7.67,38.9,-21.7,265,British Columbia,1660000
BC,1963,8.04,37.8,-21.7,260,British Columbia,1699500
BC,1964,6.74,38.3,-22.8,252,British Columbia,1745000
BC,1965,7.39,41.7,-22.8,269,British Columbia,1800000
BC,1966,7.24,38.3,-22.2,282,British Columbia,1873750
BC,1967,7.86,41.1,-21.7,283,British Columbia,1945750
BC,1968,7.37,40.0,-23.4,289,British Columbia,2003250
BC,1969,7.25,40.0,-26.1,299,British Columbia,2060250
BC,1970,6.95,38.9,-23.9,325,British Columbia,2127750
BC,1971,6.51,42.2,-25.6,332,British Columbia,2211280
BC,1972,6.21,40.0,-27.2,337,British Columbia,2297348
BC,1973,6.74,39.4,-23.3,368,British Columbia,2360797
BC,1974,7.19,41.1,-22.8,408,British Columbia,2434720
BC,1975,5.99,41.1,-26.7,421,British Columbia,2494629
BC,1976,6.68,36.7,-21.7,403,British Columbia,2531737
BC,1977,6.71,40.6,-23.9,397,British Columbia,2567936
BC,1978,6.75,41.5,-25.7,384,British Columbia,2611636
BC,1979,7.07,41.5,-27.3,381,British Columbia,2662293
BC,1980,7.03,38.0,-24.7,400,British Columbia,2737538
BC,1981,7.57,39.1,-19.9,399,British Columbia,2816980
BC,1982,6.02,39.5,-27.3,409,British Columbia,2871303
BC,1983,7.14,38.5,-23.7,415,British Columbia,2904171
BC,1984,6.4,39.0,-24.0,440,British Columbia,2941539
BC,1985,5.96,41.0,-26.8,432,British Columbia,2972265
BC,1986,7.27,39.5,-21.9,435,British Columbia,3000682
BC,1987,8.01,40.5,-19.2,451,British Columbia,3043088
BC,1988,7.44,40.0,-21.7,465,British Columbia,3108064
BC,1989,7.28,38.0,-24.5,462,British Columbia,3189665
BC,1990,7.44,40.2,-25.2,463,British Columbia,3282328
BC,1991,7.5,39.0,-22.5,471,British Columbia,3367589
BC,1992,8.11,39.8,-20.6,477,British Columbia,3459366
BC,1993,7.44,37.5,-24.7,471,British Columbia,3558491
BC,1994,8.03,42.6,-21.8,456,British Columbia,3664473
BC,1995,7.9,40.0,-22.7,453,British Columbia,3766198
BC,1996,6.42,41.2,-28.3,420,British Columbia,3862540
BC,1997,7.92,38.7,-20.8,400,British Columbia,3939702
BC,1998,8.81,42.8,-20.5,395,British Columbia,3981074
BC,1999,7.52,37.5,-18.3,385,British Columbia,4007763
BC,2000,7.32,38.8,-21.4,375,British Columbia,4037128
BC,2001,7.47,38.7,-20.2,363,British Columbia,4070963
BC,2002,7.52,39.9,-21.5,353,British Columbia,4097537
BC,2003,8.02,40.8,-21.0,342,British Columbia,4121032
BC,2004,8.7,41.8,-20.4,334,British Columbia,4152311
BC,2005,8.29,39.0,-20.8,327,British Columbia,4191434
BC,2006,8.02,41.0,-20.9,320,British Columbia,4236596
BC,2007,7.46,39.8,-21.0,325,British Columbia,4286277
BC,2008,7.17,40.0,-23.3,312,British Columbia,4342957
BC,2009,7.52,41.5,-23.6,296,British Columbia,4404782
BC,2010,8.38,38.4,-17.9,300,British Columbia,4461068
BC,2011,7.58,38.0,-20.5,286,British Columbia,4500944
BC,2012,7.97,40.3,-19.9,286,British Columbia,4564452
BC,2013,8.49,40.5,-19.3,274,British Columbia,4629485
BC,2014,8.72,41.7,-21.5,262,British Columbia,4704528
BC,2015,9.44,40.9,-17.3,257,British Columbia,4769094
BC,2016,9.28,39.0,-17.4,232,British Columbia,4846628
BC,2017,8.46,41.0,-21.1,226,British Columbia,4925006
BC,2018,8.54,40.8,-19.7,213,British Columbia,5009884
BC,2019,8.45,39.2,-21.4,206,British Columbia,5100179
BC,2020,8.55,39.0,-19.2,205,British Columbia,5169146
BC,2021,8.63,42.3,-21.2,201,British Columbia,5218564
BC,2022,8.61,42.2,-21.5,190,British Columbia,5341279
BC,2023,9.41,40.7,-16.9,187,British Columbia,5511694
MB,1950,-0.34,37.2,-49.4,48,Manitoba,758813
MB,1951,0.59,40.6,-45.6,52,Manitoba,775444
MB,1952,3.02,40.0,-42.2,52,Manitoba,796000
MB,1953,3.18,36.1,-41.1,53,Manitoba,808500
MB,1954,2.4,35.6,-42.8,55,Manitoba,822500
MB,1955,1.87,37.8,-46.7,57,Manitoba,838750
MB,1956,1.42,37.2,-46.7,61,Manitoba,848750
MB,1957,2.41,37.8,-45.6,65,Manitoba,858250
MB,1958,2.32,38.9,-43.3,66,Manitoba,874500
MB,1959,1.38,38.3,-45.0,72,Manitoba,889750
MB,1960,1.52,38.3,-47.2,79,Manitoba,905500
MB,1961,2.25,39.4,-45.0,83,Manitoba,921250
MB,1962,1.62,35.0,-47.8,87,Manitoba,935000
MB,1963,2.78,37.8,-48.9,90,Manitoba,948500
MB,1964,1.62,40.0,-46.1,90,Manitoba,958250
MB,1965,0.78,37.2,-47.8,91,Manitoba,963500
MB,1966,0.23,36.7,-51.7,99,Manitoba,961750
MB,1967,1.16,36.7,-47.2,103,Manitoba,962250
MB,1968,1.37,37.8,-45.6,105,Manitoba,970000
MB,1969,1.25,37.8,-46.1,113,Manitoba,977500
MB,1970,1.16,38.3,-46.1,125,Manitoba,981250
MB,1971,1.5,38.9,-46.7,125,Manitoba,991958
MB,1972,-0.03,38.3,-48.3,125,Manitoba,1000587
MB,1973,2.55,36.7,-43.3,134,Manitoba,1005965
MB,1974,0.81,37.2,-47.8,132,Manitoba,1016226
MB,1975,1.5,39.4,-46.7,129,Manitoba,1023105
MB,1976,1.83,39.4,-45.0,130,Manitoba,1030789
MB,1977,2.83,36.7,-45.6,128,Manitoba,1036468
MB,1978,0.84,38.9,-48.5,124,Manitoba,1039574
MB,1979,0.03,39.4,-49.5,124,Manitoba,1036582
MB,1980,2.0,39.5,-44.5,123,Manitoba,1033998
MB,1981,3.93,38.5,-39.5,125,Manitoba,1035375
MB,1982,0.41,36.5,-48.0,124,Manitoba,1044148
MB,1983,2.46,40.2,-44.0,125,Manitoba,1057957
MB,1984,2.21,38.0,-45.1,128,Manitoba,1070580
MB,1985,0.34,35.0,-47.0,131,Manitoba,1081713
MB,1986,2.14,36.0,-43.0,134,Manitoba,1090618
MB,1987,4.56,38.0,-36.3,143,Manitoba,1097076
MB,1988,2.28,41.5,-46.5,138,Manitoba,1101103
MB,1989,0.7,40.5,-49.0,136,Manitoba,1102632
MB,1990,1.84,36.5,-46.0,131,Manitoba,1104302
MB,1991,2.22,39.0,-46.8,132,Manitoba,1108239
MB,1992,1.46,37.0,-41.0,134,Manitoba,1111732
MB,1993,1.46,34.0,-43.0,133,Manitoba,1116489
MB,1994,1.97,36.0,-47.0,135,Manitoba,1121910
MB,1995,1.25,39.0,-46.5,139,Manitoba,1127720
MB,1996,-0.53,37.7,-50.5,137,Manitoba,1132782
MB,1997,1.89,37.5,-44.5,132,Manitoba,1135655
MB,1998,3.79,37.0,-40.0,129,Manitoba,1136941
MB,1999,3.35,35.0,-39.6,127,Manitoba,1141378
MB,2000,1.79,38.6,-44.0,132,Manitoba,1146449
MB,2001,2.96,37.0,-41.0,128,Manitoba,1150434
MB,2002,1.41,37.6,-45.0,121,Manitoba,1155380
MB,2003,1.99,40.0,-46.0,115,Manitoba,1162078
MB,2004,0.52,34.5,-46.5,113,Manitoba,1171468
MB,2005,1.89,35.0,-45.5,111,Manitoba,1177669
MB,2006,3.19,37.0,-40.8,96,Manitoba,1182271
MB,2007,1.7,37.5,-45.0,93,Manitoba,1188012
MB,2008,0.29,35.0,-48.0,88,Manitoba,1196342
MB,2009,0.98,35.5,-44.5,76,Manitoba,1206538
MB,2010,3.05,41.0,-40.3,79,Manitoba,1219001
MB,2011,1.9,37.5,-45.1,74,Manitoba,1231753
MB,2012,2.85,38.4,-42.1,73,Manitoba,1247151
MB,2013,-0.16,38.3,-51.0,71,Manitoba,1261768
MB,2014,0.09,36.0,-44.0,66,Manitoba,1275546
MB,2015,2.81,37.8,-42.4,62,Manitoba,1290665
MB,2016,2.82,35.5,-41.4,61,Manitoba,1311169
MB,2017,2.38,36.0,-42.2,58,Manitoba,1331885
MB,2018,0.73,39.6,-44.2,57,Manitoba,1350414
MB,2019,0.49,37.3,-46.6,56,Manitoba,1367580
MB,2020,1.91,37.5,-43.2,55,Manitoba,1379626
MB,2021,2.82,42.0,-45.4,55,Manitoba,1390138
MB,2022,0.6,40.5,-43.8,54,Manitoba,1410050
MB,2023,2.78,37.2,-42.5,55,Manitoba,1449197
NB,1950,5.21,33.9,-32.8,35,New Brunswick,504250
NB,1951,6.11,32.8,-31.1,35,New Brunswick,514805
NB,1952,6.13,37.8,-29.4,35,New Brunswick,525250
NB,1953,6.76,36.1,-26.1,37,New Brunswick,532500
NB,1954,5.1,32.8,-30.6,39,New Brunswick,539750
NB,1955,4.67,38.3,-33.3,42,New Brunswick,547000
NB,1956,4.43,35.0,-31.1,46,New Brunswick,554500
NB,1957,5.37,33.3,-33.3,50,New Brunswick,561500
NB,1958,5.02,34.4,-29.4,45,New Brunswick,570500
NB,1959,5.12,37.2,-35.0,42,New Brunswick,581000
NB,1960,5.51,37.2,-30.0,41,New Brunswick,588000
NB,1961,5.1,33.3,-34.4,41,New Brunswick,597000
NB,1962,4.62,34.4,-33.9,43,New Brunswick,604500
NB,1963,4.41,36.7,-36.1,41,New Brunswick,608250
NB,1964,4.33,34.4,-32.2,46,New Brunswick,610750
NB,1965,3.82,35.0,-33.9,51,New Brunswick,614500
NB,1966,5.69,33.3,-28.3,53,New Brunswick,616500
NB,1967,4.1,34.4,-36.7,50,New Brunswick,620000
NB,1968,4.28,35.6,-34.4,49,New Brunswick,625250
NB,1969,5.5,35.0,-28.9,52,New Brunswick,627500
NB,1970,4.78,35.6,-35.0,57,New Brunswick,626750
NB,1971,4.97,33.9,-34.4,64,New Brunswick,637547
NB,1972,3.58,34.4,-37.2,70,New Brunswick,648586
NB,1973,5.28,34.4,-32.2,72,New Brunswick,655909
NB,1974,3.96,35.0,-33.3,70,New Brunswick,664456
NB,1975,4.6,38.9,-36.1,68,New Brunswick,676037
NB,1976,4.19,36.7,-36.7,71,New Brunswick,688276
NB,1977,4.78,38.0,-32.8,64,New Brunswick,694403
NB,1978,3.85,36.7,-35.0,65,New Brunswick,698544
NB,1979,5.59,34.1,-32.0,62,New Brunswick,701924
NB,1980,4.1,34.8,-34.5,62,New Brunswick,704867
NB,1981,5.84,35.1,-29.9,63,New Brunswick,705612
NB,1982,4.61,35.4,-34.5,62,New Brunswick,707284
NB,1983,5.73,37.0,-30.5,68,New Brunswick,713683
NB,1984,5.18,35.0,-33.0,66,New Brunswick,719514
NB,1985,4.12,35.0,-35.0,65,New Brunswick,722895
NB,1986,3.77,37.0,-34.0,67,New Brunswick,724758
NB,1987,4.7,35.0,-33.5,67,New Brunswick,726950
NB,1988,4.75,36.0,-35.0,67,New Brunswick,729875
NB,1989,3.99,35.0,-38.5,66,New Brunswick,734454
NB,1990,5.57,37.5,-32.2,66,New Brunswick,739547
NB,1991,4.87,36.0,-35.0,65,New Brunswick,744716
NB,1992,4.15,37.5,-34.5,66,New Brunswick,747418
NB,1993,4.39,35.0,-35.5,66,New Brunswick,748620
NB,1994,4.77,35.5,-36.5,60,New Brunswick,749965
NB,1995,5.09,37.0,-33.6,59,New Brunswick,750907
NB,1996,5.25,35.0,-31.6,56,New Brunswick,752062
NB,1997,4.1,34.0,-33.5,55,New Brunswick,752385
NB,1998,6.18,36.0,-28.5,54,New Brunswick,751072
NB,1999,6.88,36.0,-29.7,54,New Brunswick,750362
NB,2000,5.59,36.0,-30.5,55,New Brunswick,750524
NB,2001,6.12,36.5,-31.0,54,New Brunswick,749656
NB,2002,5.4,37.5,-29.3,47,New Brunswick,749052
NB,2003,5.37,37.4,-34.5,47,New Brunswick,749356
NB,2004,4.39,33.5,-34.0,46,New Brunswick,749301
NB,2005,5.55,35.2,-31.7,42,New Brunswick,748359
NB,2006,6.51,34.0,-27.5,41,New Brunswick,745979
NB,2007,4.8,34.3,-33.6,33,New Brunswick,745337
NB,2008,5.64,33.0,-32.5,37,New Brunswick,746864
NB,2009,5.09,33.8,-33.2,34,New Brunswick,749640
NB,2010,7.03,37.0,-24.8,33,New Brunswick,752656
NB,2011,5.52,34.0,-31.1,33,New Brunswick,755354
NB,2012,6.45,36.5,-30.3,30,New Brunswick,757648
NB,2013,5.26,37.3,-31.3,27,New Brunswick,758130
NB,2014,5.27,35.0,-34.0,23,New Brunswick,758783
NB,2015,4.96,33.3,-35.7,24,New Brunswick,759262
NB,2016,5.86,33.2,-30.0,23,New Brunswick,762784
NB,2017,5.99,34.0,-30.5,23,New Brunswick,766049
NB,2018,5.21,36.0,-30.5,22,New Brunswick,770036
NB,2019,4.46,35.0,-32.6,21,New Brunswick,776408
NB,2020,6.18,37.2,-29.7,20,New Brunswick,782703
NB,2021,6.85,38.0,-28.0,19,New Brunswick,789622
NB,2022,6.21,34.6,-32.0,18,New Brunswick,806726
NB,2023,6.66,35.5,-28.7,17,New Brunswick,829690
NL,1950,1.84,32.2,-33.9,31,Newfoundland and Labrador,353072
NL,1951,4.41,33.9,-27.8,29,Newfoundland and Labrador,360863
NL,1952,4.44,36.7,-26.1,32,Newfoundland and Labrador,372750
NL,1953,3.6,32.2,-28.4,33,Newfoundland and Labrador,383000
NL,1954,3.3,33.9,-28.3,30,Newfoundland and Labrador,394500
NL,1955,3.42,31.7,-26.7,34,Newfoundland and Labrador,405500
NL,1956,3.14,31.7,-27.8,40,Newfoundland and Labrador,415000
NL,1957,2.82,31.1,-31.1,47,Newfoundland and Labrador,423500
NL,1958,4.41,32.2,-23.4,46,Newfoundland and Labrador,431500
NL,1959,2.92,32.8,-30.6,44,Newfoundland and Labrador,440000
NL,1960,4.4,33.3,-25.0,46,Newfoundland and Labrador,448250
NL,1961,3.77,33.3,-31.1,46,Newfoundland and Labrador,457750
NL,1962,3.77,33.3,-28.3,54,Newfoundland and Labrador,467500
NL,1963,3.89,33.9,-27.2,49,Newfoundland and Labrador,475750
NL,1964,3.39,30.6,-27.2,46,Newfoundland and Labrador,482750
NL,1965,3.79,31.7,-26.7,50,Newfoundland and Labrador,487000
NL,1966,4.77,31.7,-24.4,51,Newfoundland and Labrador,493000
NL,1967,3.89,34.4,-32.2,54,Newfoundland and Labrador,499000
NL,1968,3.9,31.7,-25.6,53,Newfoundland and Labrador,506000
NL,1969,4.83,31.1,-22.2,54,Newfoundland and Labrador,513750
NL,1970,4.11,34.4,-28.3,54,Newfoundland and Labrador,517250
NL,1971,4.55,31.1,-28.9,56,Newfoundland and Labrador,526331
NL,1972,2.23,33.9,-35.0,64,Newfoundland and Labrador,538425
NL,1973,3.75,33.3,-29.4,66,Newfoundland and Labrador,544822
NL,1974,2.53,32.8,-31.1,66,Newfoundland and Labrador,548901
NL,1975,2.91,37.2,-33.9,65,Newfoundland and Labrador,555594
NL,1976,3.74,36.7,-31.1,60,Newfoundland and Labrador,561778
NL,1977,4.08,32.4,-26.9,64,Newfoundland and Labrador,564767
NL,1978,3.5,32.0,-28.5,67,Newfoundland and Labrador,567177
NL,1979,5.08,34.4,-26.2,69,Newfoundland and Labrador,569598
NL,1980,3.73,32.0,-26.4,76,Newfoundland and Labrador,572198
NL,1981,5.62,33.2,-21.5,83,Newfoundland and Labrador,574549
NL,1982,3.48,33.5,-28.9,98,Newfoundland and Labrador,574082
NL,1983,5.0,35.5,-26.4,104,Newfoundland and Labrador,578276
NL,1984,4.35,34.5,-29.3,109,Newfoundland and Labrador,579697
NL,1985,3.36,35.4,-28.3,104,Newfoundland and Labrador,578856
NL,1986,3.32,30.8,-29.0,103,Newfoundland and Labrador,576514
NL,1987,4.2,33.0,-27.0,108,Newfoundland and Labrador,575181
NL,1988,4.89,33.5,-26.9,123,Newfoundland and Labrador,574770
NL,1989,3.87,36.2,-31.4,131,Newfoundland and Labrador,576057
NL,1990,3.79,33.1,-32.0,138,Newfoundland and Labrador,576982
NL,1991,3.09,34.0,-30.3,136,Newfoundland and Labrador,578742
NL,1992,2.97,31.9,-30.5,137,Newfoundland and Labrador,579730
NL,1993,3.21,35.0,-31.2,147,Newfoundland and Labrador,579840
NL,1994,3.84,32.8,-31.0,142,Newfoundland and Labrador,574833
NL,1995,3.43,34.5,-30.1,136,Newfoundland and Labrador,568009
NL,1996,4.66,35.4,-25.8,128,Newfoundland and Labrador,560576
NL,1997,2.76,34.0,-30.6,115,Newfoundland and Labrador,551774
NL,1998,4.61,33.5,-26.5,102,Newfoundland and Labrador,541500
NL,1999,5.6,35.3,-25.0,100,Newfoundland and Labrador,534147
NL,2000,4.79,34.5,-26.6,98,Newfoundland and Labrador,529012
NL,2001,4.6,34.7,-27.3,99,Newfoundland and Labrador,523040
NL,2002,3.63,36.1,-29.0,98,Newfoundland and Labrador,520097
NL,2003,4.24,35.0,-30.5,94,Newfoundland and Labrador,518746
NL,2004,4.45,33.2,-26.7,93,Newfoundland and Labrador,517701
NL,2005,4.87,33.8,-27.6,93,Newfoundland and Labrador,515027
NL,2006,4.77,33.0,-26.0,96,Newfoundland and Labrador,511108
NL,2007,3.19,35.0,-30.0,64,Newfoundland and Labrador,509690
NL,2008,4.39,38.0,-30.1,80,Newfoundland and Labrador,511806
NL,2009,3.43,32.7,-28.1,62,Newfoundland and Labrador,516158
NL,2010,5.57,33.0,-21.4,67,Newfoundland and Labrador,521584
NL,2011,3.97,30.6,-27.5,74,Newfoundland and Labrador,524690
NL,2012,4.63,34.8,-29.6,63,Newfoundland and Labrador,526241
NL,2013,3.76,33.5,-29.0,65,Newfoundland and Labrador,527304
NL,2014,3.36,36.5,-32.8,59,Newfoundland and Labrador,527904
NL,2015,2.52,31.6,-32.8,55,Newfoundland and Labrador,528303
NL,2016,3.5,32.0,-28.7,54,Newfoundland and Labrador,529485
NL,2017,4.02,32.4,-27.6,51,Newfoundland and Labrador,529942
NL,2018,3.43,34.9,-28.6,46,Newfoundland and Labrador,528999
NL,2019,3.52,33.5,-28.2,47,Newfoundland and Labrador,528101
NL,2020,4.14,33.5,-29.5,38,Newfoundland and Labrador,527224
NL,2021,5.44,33.8,-23.6,40,Newfoundland and Labrador,526862
NL,2022,5.48,33.0,-27.4,36,Newfoundland and Labrador,530679
NL,2023,4.98,36.0,-27.8,36,Newfoundland and Labrador,537973
NS,1950,6.45,32.2,-26.1,35,Nova Scotia,627142
NS,1951,7.58,32.2,-22.8,35,Nova Scotia,640398
NS,1952,7.01,35.0,-22.2,35,Nova Scotia,652250
NS,1953,7.64,31.7,-20.0,36,Nova Scotia,663250
NS,1954,6.94,32.8,-22.8,38,Nova Scotia,672000
NS,1955,6.38,35.0,-23.9,41,Nova Scotia,682750
NS,1956,6.18,33.9,-23.4,44,Nova Scotia,693250
NS,1957,6.59,33.3,-25.0,45,Nova Scotia,699000
NS,1958,6.91,31.7,-22.2,52,Nova Scotia,708750
NS,1959,6.32,33.3,-27.2,49,Nova Scotia,719000
NS,1960,7.06,36.1,-22.8,52,Nova Scotia,726500
NS,1961,6.77,33.3,-27.2,53,Nova Scotia,736250
NS,1962,5.95,33.9,-26.7,58,Nova Scotia,745000
NS,1963,5.64,35.6,-27.2,59,Nova Scotia,749750
NS,1964,5.74,32.8,-24.4,62,Nova Scotia,754000
NS,1965,5.34,35.0,-25.6,66,Nova Scotia,755000
NS,1966,6.78,31.7,-22.2,73,Nova Scotia,755500
NS,1967,5.81,32.8,-28.9,72,Nova Scotia,759500
NS,1968,5.99,33.9,-27.2,73,Nova Scotia,767000
NS,1969,7.07,34.4,-21.7,74,Nova Scotia,775000
NS,1970,5.93,34.4,-27.8,73,Nova Scotia,781500
NS,1971,6.47,34.4,-26.7,73,Nova Scotia,792274
NS,1972,5.53,34.4,-28.9,75,Nova Scotia,802157
NS,1973,6.92,35.0,-25.6,79,Nova Scotia,811262
NS,1974,5.63,32.2,-26.1,79,Nova Scotia,818261
NS,1975,6.09,36.1,-27.8,78,Nova Scotia,826194
NS,1976,6.42,38.9,-27.2,78,Nova Scotia,834812
NS,1977,6.46,35.0,-24.4,73,Nova Scotia,839945
NS,1978,5.66,35.0,-26.7,75,Nova Scotia,844466
NS,1979,7.11,33.0,-24.5,74,Nova Scotia,848879
NS,1980,5.67,33.5,-26.7,73,Nova Scotia,852126
NS,1981,7.22,33.3,-22.5,70,Nova Scotia,854902
NS,1982,6.33,34.5,-26.0,74,Nova Scotia,859088
NS,1983,7.53,34.5,-22.5,73,Nova Scotia,867586
NS,1984,7.27,35.0,-25.0,79,Nova Scotia,877198
NS,1985,5.65,34.0,-28.0,78,Nova Scotia,885198
NS,1986,5.66,33.1,-26.5,78,Nova Scotia,888939
NS,1987,6.22,35.5,-26.5,71,Nova Scotia,892881
NS,1988,6.4,35.5,-26.5,75,Nova Scotia,896729
NS,1989,6.09,34.0,-29.0,76,Nova Scotia,903024
NS,1990,7.37,34.0,-25.5,76,Nova Scotia,909510
NS,1991,6.88,36.0,-26.0,77,Nova Scotia,914386
NS,1992,5.82,36.0,-27.5,77,Nova Scotia,918982
NS,1993,6.14,35.0,-29.0,79,Nova Scotia,923593
NS,1994,6.72,36.0,-29.5,76,Nova Scotia,926652
NS,1995,6.62,36.0,-25.0,74,Nova Scotia,928296
NS,1996,6.66,32.6,-24.5,72,Nova Scotia,930826
NS,1997,5.89,34.0,-25.0,71,Nova Scotia,932330
NS,1998,7.47,36.0,-21.1,69,Nova Scotia,932290
NS,1999,8.31,35.0,-23.3,68,Nova Scotia,933496
NS,2000,7.09,35.5,-24.0,74,Nova Scotia,934291
NS,2001,7.1,38.0,-25.6,68,Nova Scotia,933043
NS,2002,6.79,36.9,-23.5,65,Nova Scotia,934763
NS,2003,6.77,34.0,-28.0,66,Nova Scotia,936924
NS,2004,5.99,33.5,-27.5,64,Nova Scotia,939291
NS,2005,6.76,34.0,-25.5,60,Nova Scotia,938469
NS,2006,7.71,37.5,-21.0,55,Nova Scotia,937681
NS,2007,6.1,34.8,-25.9,42,Nova Scotia,935464
NS,2008,7.72,33.0,-23.0,46,Nova Scotia,936079
NS,2009,6.7,39.0,-25.0,38,Nova Scotia,938440
NS,2010,7.97,34.7,-19.7,47,Nova Scotia,942048
NS,2011,8.17,33.5,-21.8,46,Nova Scotia,944186
NS,2012,8.29,33.5,-22.2,41,Nova Scotia,943304
NS,2013,6.9,34.1,-24.8,38,Nova Scotia,940486
NS,2014,7.08,33.1,-25.6,34,Nova Scotia,938316
NS,2015,6.46,35.6,-27.9,31,Nova Scotia,937289
NS,2016,7.5,38.0,-22.0,31,Nova Scotia,942263
NS,2017,7.55,33.0,-23.3,33,Nova Scotia,951050
NS,2018,7.25,35.5,-23.8,35,Nova Scotia,961061
NS,2019,6.48,35.7,-23.7,35,Nova Scotia,974449
NS,2020,7.79,35.0,-22.2,32,Nova Scotia,987164
NS,2021,7.94,33.5,-21.0,32,Nova Scotia,997659
NS,2022,8.11,35.4,-23.3,30,Nova Scotia,1021422
NS,2023,7.93,34.1,-22.2,30,Nova Scotia,1052025
ON,1950,4.67,37.2,-37.8,205,Ontario,4501185
ON,1951,5.45,35.6,-36.1,214,Ontario,4603440
ON,1952,6.39,37.8,-32.8,221,Ontario,4779250
ON,1953,7.08,38.3,-31.1,234,Ontario,4935250
ON,1954,5.81,37.3,-33.9,240,Ontario,5108250
ON,1955,6.33,39.4,-37.2,238,Ontario,5258250
ON,1956,4.93,37.2,-35.0,239,Ontario,5403000
ON,1957,5.77,36.7,-35.6,238,Ontario,5624750
ON,1958,5.16,35.0,-35.0,237,Ontario,5814250
ON,1959,5.66,38.3,-38.3,256,Ontario,5962500
ON,1960,5.47,35.6,-35.6,249,Ontario,6105500
ON,1961,6.06,36.7,-34.5,264,Ontario,6231000
ON,1962,5.78,35.6,-36.7,277,Ontario,6347500
ON,1963,5.25,37.2,-37.8,271,Ontario,6478500
ON,1964,6.07,37.2,-33.3,274,Ontario,6626750
ON,1965,5.42,36.7,-33.9,284,Ontario,6783250
ON,1966,5.75,37.8,-33.9,293,Ontario,6954000
ON,1967,5.68,34.4,-35.0,294,Ontario,7121750
ON,1968,6.01,35.6,-35.0,306,Ontario,7257750
ON,1969,5.71,36.1,-33.3,319,Ontario,7385250
ON,1970,5.49,35.6,-38.4,322,Ontario,7548750
ON,1971,5.84,37.8,-35.6,332,Ontario,7767567
ON,1972,4.58,38.9,-37.2,326,Ontario,7947178
ON,1973,6.88,37.2,-33.3,323,Ontario,8057794
ON,1974,5.46,35.6,-34.4,333,Ontario,8189190
ON,1975,6.27,42.8,-35.0,329,Ontario,8304342
ON,1976,5.01,37.2,-37.8,332,Ontario,8401757
ON,1977,5.97,39.4,-35.2,335,Ontario,8493530
ON,1978,4.87,38.5,-38.0,330,Ontario,8578040
ON,1979,5.52,36.0,-36.0,329,Ontario,8648592
ON,1980,5.04,37.0,-37.0,330,Ontario,8727944
ON,1981,6.25,38.0,-33.2,321,Ontario,8804010
ON,1982,5.52,37.0,-37.3,313,Ontario,8908938
ON,1983,6.59,40.3,-33.3,322,Ontario,9026909
ON,1984,6.31,38.0,-34.6,317,Ontario,9152063
ON,1985,5.72,39.0,-34.8,309,Ontario,9279890
ON,1986,6.36,36.0,-32.3,311,Ontario,9421117
ON,1987,7.29,37.0,-30.9,301,Ontario,9612540
ON,1988,6.39,40.5,-34.9,301,Ontario,9816491
ON,1989,5.41,37.5,-38.0,299,Ontario,10068044
ON,1990,7.17,37.0,-30.1,294,Ontario,10267345
ON,1991,7.29,37.5,-33.2,293,Ontario,10409479
ON,1992,5.52,36.0,-31.9,301,Ontario,10549810
ON,1993,5.81,36.0,-34.9,292,Ontario,10676423
ON,1994,5.95,36.5,-36.8,290,Ontario,10800283
ON,1995,5.87,40.0,-35.0,286,Ontario,10931434
ON,1996,5.51,36.0,-36.0,277,Ontario,11065044
ON,1997,5.82,36.0,-33.2,268,Ontario,11208193
ON,1998,8.33,36.6,-27.7,257,Ontario,11347200
ON,1999,7.45,37.1,-31.6,255,Ontario,11484167
ON,2000,6.21,35.0,-33.4,253,Ontario,11657472
ON,2001,7.54,38.5,-29.5,250,Ontario,11864577
ON,2002,6.71,38.1,-31.6,234,Ontario,12062059
ON,2003,5.73,36.5,-35.9,232,Ontario,12220929
ON,2004,5.71,34.5,-35.5,228,Ontario,12367225
ON,2005,6.58,37.5,-35.8,230,Ontario,12506784
ON,2006,7.38,37.8,-28.8,225,Ontario,12642187
ON,2007,6.2,37.5,-35.5,184,Ontario,12750762
ON,2008,5.66,35.0,-35.6,177,Ontario,12866628
ON,2009,5.33,35.0,-35.5,175,Ontario,12984262
ON,2010,7.3,38.0,-31.1,181,Ontario,13118704
ON,2011,6.46,45.0,-34.9,191,Ontario,13248544
ON,2012,7.87,38.5,-29.5,188,Ontario,13376112
ON,2013,5.67,36.0,-36.6,183,Ontario,13496707
ON,2014,4.39,34.7,-39.8,171,Ontario,13606394
ON,2015,6.1,35.2,-37.7,162,Ontario,13698942
ON,2016,6.91,36.5,-33.6,157,Ontario,13853924
ON,2017,6.55,35.5,-33.1,147,Ontario,14056827
ON,2018,5.7,37.5,-36.7,147,Ontario,14297687
ON,2019,5.23,36.5,-37.0,146,Ontario,14545972
ON,2020,6.59,37.5,-32.2,144,Ontario,14747480
ON,2021,7.28,38.0,-33.1,144,Ontario,14840405
ON,2022,5.66,36.4,-38.1,139,Ontario,15117224
ON,2023,7.28,38.0,-30.4,131,Ontario,15580514
QC,1950,2.77,35.0,-40.6,157,Quebec,3965725
QC,1951,3.57,35.0,-38.9,171,Quebec,4052052
QC,1952,4.08,36.7,-36.7,178,Quebec,4167750
QC,1953,4.61,37.8,-35.0,182,Quebec,4267000
QC,1954,3.02,35.6,-38.9,182,Quebec,4385000
QC,1955,3.36,37.8,-41.1,183,Quebec,4510750
QC,1956,2.2,37.8,-38.3,181,Quebec,4624750
QC,1957,3.48,35.6,-40.0,194,Quebec,4762500
QC,1958,2.84,35.0,-38.3,205,Quebec,4897500
QC,1959,3.03,36.1,-42.8,201,Quebec,5019750
QC,1960,3.71,35.6,-37.2,214,Quebec,5137500
QC,1961,3.49,35.0,-40.0,205,Quebec,5254500
QC,1962,2.43,35.6,-42.2,203,Quebec,5367000
QC,1963,2.75,36.1,-41.7,296,Quebec,5476250
QC,1964,3.3,36.1,-37.2,310,Quebec,5580250
QC,1965,2.57,34.4,-38.9,328,Quebec,5681500
QC,1966,3.75,35.6,-35.0,345,Quebec,5774250
QC,1967,2.86,36.7,-41.1,357,Quebec,5857500
QC,1968,3.09,35.6,-40.0,364,Quebec,5924500
QC,1969,3.66,34.4,-34.4,357,Quebec,5981000
QC,1970,3.09,35.6,-41.7,359,Quebec,6010750
QC,1971,3.24,35.6,-40.0,378,Quebec,6081106
QC,1972,1.91,35.0,-42.8,387,Quebec,6168675
QC,1973,4.75,35.6,-37.2,477,Quebec,6207238
QC,1974,3.0,35.6,-38.9,475,Quebec,6261372
QC,1975,4.12,40.0,-40.0,466,Quebec,6322332
QC,1976,2.96,37.8,-42.2,454,Quebec,6385255
QC,1977,4.14,40.0,-36.2,455,Quebec,6425092
QC,1978,3.0,38.9,-40.3,459,Quebec,6437989
QC,1979,4.46,35.0,-37.6,451,Quebec,6459979
QC,1980,2.97,34.0,-39.7,458,Quebec,6498485
QC,1981,4.69,37.0,-34.9,450,Quebec,6540880
QC,1982,3.17,36.0,-40.6,444,Quebec,6575840
QC,1983,4.3,38.0,-36.5,420,Quebec,6598969
QC,1984,3.88,36.0,-39.1,417,Quebec,6626718
QC,1985,2.78,33.5,-40.0,410,Quebec,6660817
QC,1986,3.11,33.0,-38.6,366,Quebec,6703313
QC,1987,4.23,36.5,-37.0,362,Quebec,6772196
QC,1988,3.72,38.0,-39.6,361,Quebec,6831143
QC,1989,2.72,36.5,-44.6,359,Quebec,6914476
QC,1990,4.34,35.5,-37.1,352,Quebec,6986226
QC,1991,3.58,36.0,-40.4,350,Quebec,7054592
QC,1992,2.64,35.5,-40.3,296,Quebec,7104606
QC,1993,2.87,35.5,-42.0,306,Quebec,7153278
QC,1994,2.59,38.5,-43.0,315,Quebec,7189008
QC,1995,3.61,36.5,-39.3,264,Quebec,7215800
QC,1996,3.65,34.5,-38.6,266,Quebec,7243693
QC,1997,2.79,36.0,-40.2,264,Quebec,7272062
QC,1998,6.07,36.0,-32.6,262,Quebec,7294436
QC,1999,5.17,40.0,-36.3,255,Quebec,7320816
QC,2000,3.95,31.9,-36.3,256,Quebec,7353293
QC,2001,5.33,37.0,-34.8,262,Quebec,7391230
QC,2002,4.05,38.4,-36.3,265,Quebec,7435487
QC,2003,3.48,36.5,-41.2,235,Quebec,7480399
QC,2004,3.4,38.9,-39.5,288,Quebec,7529847
QC,2005,4.54,39.0,-38.5,232,Quebec,7576800
QC,2006,5.59,36.0,-31.7,230,Quebec,7626126
QC,2007,3.83,39.1,-38.6,229,Quebec,7685039
QC,2008,4.13,39.1,-38.6,233,Quebec,7753266
QC,2009,4.02,33.7,-37.7,228,Quebec,7833114
QC,2010,6.07,37.0,-30.0,227,Quebec,7918616
QC,2011,4.97,36.0,-35.9,225,Quebec,7993804
QC,2012,5.62,36.0,-34.3,225,Quebec,8050860
QC,2013,4.44,38.6,-37.2,226,Quebec,8100324
QC,2014,3.8,34.2,-40.5,220,Quebec,8140808
QC,2015,3.74,34.2,-42.3,214,Quebec,8171490
QC,2016,5.15,34.5,-37.0,202,Quebec,8217370
QC,2017,5.64,34.3,-35.4,190,Quebec,8284231
QC,2018,2.59,37.2,-40.5,188,Quebec,8374735
QC,2019,2.93,35.2,-39.8,182,Quebec,8470681
QC,2020,5.39,37.4,-33.9,181,Quebec,8547809
QC,2021,5.35,35.3,-34.5,178,Quebec,8570648
QC,2022,4.37,34.0,-39.4,174,Quebec,8661918
QC,2023,5.54,36.2,-34.4,170,Quebec,8831660
SK,1950,0.12,37.8,-50.0,90,Saskatchewan,813432
SK,1951,0.29,39.4,-45.6,98,Saskatchewan,830152
SK,1952,3.08,40.6,-40.6,107,Saskatchewan,842250
SK,1953,3.82,42.2,-37.8,116,Saskatchewan,859000
SK,1954,2.7,36.7,-41.1,127,Saskatchewan,871750
SK,1955,0.82,37.2,-47.3,125,Saskatchewan,878250
SK,1956,1.57,37.8,-45.0,141,Saskatchewan,879750
SK,1957,2.23,38.9,-42.8,149,Saskatchewan,878750
SK,1958,2.92,41.7,-39.4,155,Saskatchewan,891000
SK,1959,2.16,39.4,-41.1,164,Saskatchewan,905750
SK,1960,2.28,40.6,-42.8,167,Saskatchewan,914250
SK,1961,3.04,43.3,-42.2,178,Saskatchewan,924000
SK,1962,2.71,37.2,-43.9,178,Saskatchewan,929250
SK,1963,3.33,39.4,-44.4,183,Saskatchewan,931500
SK,1964,1.95,41.7,-43.9,185,Saskatchewan,941000
SK,1965,0.54,38.9,-47.2,183,Saskatchewan,949500
SK,1966,0.79,39.4,-48.3,192,Saskatchewan,954750
SK,1967,1.33,38.9,-45.6,195,Saskatchewan,956750
SK,1968,2.26,38.3,-41.7,188,Saskatchewan,959750
SK,1969,1.21,41.7,-46.1,180,Saskatchewan,957750
SK,1970,1.24,39.4,-47.2,187,Saskatchewan,940750
SK,1971,1.61,40.6,-45.6,193,Saskatchewan,928275
SK,1972,0.41,40.0,-49.4,191,Saskatchewan,920467
SK,1973,2.89,39.4,-40.6,205,Saskatchewan,911644
SK,1974,1.82,37.2,-42.8,202,Saskatchewan,908116
SK,1975,1.46,39.4,-44.4,198,Saskatchewan,915819
SK,1976,2.92,38.9,-42.8,192,Saskatchewan,930528
SK,1977,2.94,37.2,-42.7,195,Saskatchewan,942943
SK,1978,1.45,38.3,-47.3,198,Saskatchewan,951505
SK,1979,1.13,40.0,-47.0,198,Saskatchewan,958596
SK,1980,2.65,40.0,-43.9,197,Saskatchewan,966544
SK,1981,4.7,40.5,-35.8,205,Saskatchewan,975036
SK,1982,0.42,35.5,-49.0,203,Saskatchewan,985876
SK,1983,2.39,41.5,-42.8,205,Saskatchewan,999334
SK,1984,2.66,43.0,-42.5,213,Saskatchewan,1012931
SK,1985,1.34,40.0,-45.0,216,Saskatchewan,1023575
SK,1986,3.43,37.0,-37.5,211,Saskatchewan,1028305
SK,1987,5.17,40.5,-31.8,210,Saskatchewan,1031442
SK,1988,3.49,42.0,-43.3,204,Saskatchewan,1027949
SK,1989,1.93,40.5,-47.0,208,Saskatchewan,1019320
SK,1990,2.86,39.5,-43.0,202,Saskatchewan,1008330
SK,1991,3.24,39.0,-42.0,199,Saskatchewan,1002296
SK,1992,3.23,37.5,-36.8,222,Saskatchewan,1002730
SK,1993,2.26,36.5,-39.5,217,Saskatchewan,1005599
SK,1994,2.31,37.5,-44.5,210,Saskatchewan,1009113
SK,1995,1.81,39.5,-42.5,200,Saskatchewan,1013529
SK,1996,-0.15,38.8,-50.0,196,Saskatchewan,1018106
SK,1997,2.93,39.3,-42.2,186,Saskatchewan,1017834
SK,1998,3.91,40.0,-39.2,175,Saskatchewan,1017422
SK,1999,3.61,38.0,-36.5,172,Saskatchewan,1014926
SK,2000,2.06,38.0,-43.8,169,Saskatchewan,1008478
SK,2001,3.72,40.5,-38.8,160,Saskatchewan,1001165
SK,2002,1.78,41.0,-42.7,158,Saskatchewan,997428
SK,2003,2.65,41.0,-45.3,154,Saskatchewan,996270
SK,2004,2.06,37.0,-40.9,150,Saskatchewan,997002
SK,2005,3.04,39.5,-39.6,152,Saskatchewan,994406
SK,2006,3.69,38.2,-37.2,138,Saskatchewan,992287
SK,2007,3.14,43.0,-41.6,131,Saskatchewan,1000522
SK,2008,1.01,39.5,-46.5,126,Saskatchewan,1015902
SK,2009,1.18,38.5,-45.6,106,Saskatchewan,1032532
SK,2010,2.72,36.8,-39.6,102,Saskatchewan,1049311
SK,2011,2.45,36.9,-43.0,104,Saskatchewan,1064016
SK,2012,3.01,37.0,-40.0,100,Saskatchewan,1080479
SK,2013,1.16,36.5,-47.0,93,Saskatchewan,1096497
SK,2014,1.16,38.0,-46.0,87,Saskatchewan,1110323
SK,2015,3.53,39.7,-40.0,81,Saskatchewan,1120668
SK,2016,3.62,36.3,-37.5,83,Saskatchewan,1133608
SK,2017,3.2,39.0,-40.8,80,Saskatchewan,1145931
SK,2018,1.09,42.3,-44.9,75,Saskatchewan,1155438
SK,2019,0.96,38.0,-46.1,70,Saskatchewan,1163702
SK,2020,2.06,38.0,-41.5,69,Saskatchewan,1167953
SK,2021,2.8,41.0,-44.6,68,Saskatchewan,1167640
SK,2022,1.5,39.2,-48.0,66,Saskatchewan,1177684
SK,2023,3.52,39.5,-40.2,63,Saskatchewan,1206390
YT,1950,-4.48,35.0,-55.6,8,Yukon,8778
YT,1951,-5.49,35.6,-52.2,11,Yukon,8953
YT,1952,-2.71,29.4,-52.2,11,Yukon,9000
YT,1953,-3.06,32.2,-52.2,10,Yukon,9000
YT,1954,-3.62,28.9,-52.2,11,Yukon,9750
YT,1955,-5.28,31.1,-55.6,12,Yukon,11250
YT,1956,-4.96,30.0,-51.7,11,Yukon,12000
YT,1957,-2.98,30.6,-51.7,11,Yukon,12250
YT,1958,-2.93,33.3,-48.3,13,Yukon,13000
YT,1959,-4.86,28.9,-51.7,17,Yukon,13000
YT,1960,-3.55,31.1,-46.7,16,Yukon,14000
YT,1961,-5.8,31.7,-54.4,15,Yukon,14500
YT,1962,-3.97,31.1,-52.2,16,Yukon,15000
YT,1963,-3.9,30.0,-51.7,19,Yukon,15000
YT,1964,-4.63,28.3,-55.6,18,Yukon,15000
YT,1965,-3.87,33.9,-54.4,16,Yukon,14750
YT,1966,-5.14,31.1,-56.7,22,Yukon,14500
YT,1967,-3.96,30.6,-50.0,22,Yukon,15000
YT,1968,-3.92,29.5,-53.9,26,Yukon,15500
YT,1969,-4.15,36.1,-53.9,27,Yukon,16000
YT,1970,-3.65,30.0,-50.0,30,Yukon,17000
YT,1971,-4.94,33.3,-58.3,35,Yukon,18613
YT,1972,-6.15,31.7,-56.7,33,Yukon,20074
YT,1973,-5.1,30.0,-55.0,35,Yukon,20951
YT,1974,-3.39,29.4,-53.3,48,Yukon,21068
YT,1975,-4.59,33.9,-56.7,41,Yukon,21848
YT,1976,-1.53,33.3,-48.9,48,Yukon,22368
YT,1977,-2.22,32.5,-48.9,45,Yukon,22445
YT,1978,-1.77,32.8,-47.8,41,Yukon,22945
YT,1979,-3.58,30.1,-55.0,36,Yukon,22924
YT,1980,-3.35,33.5,-54.0,40,Yukon,23027
YT,1981,-1.76,30.5,-44.5,41,Yukon,23707
YT,1982,-5.3,31.0,-58.5,45,Yukon,24465
YT,1983,-4.56,36.0,-54.5,44,Yukon,23741
YT,1984,-3.16,31.4,-50.0,45,Yukon,23809
YT,1985,-3.66,29.8,-49.6,44,Yukon,24308
YT,1986,-2.89,32.0,-48.0,44,Yukon,24484
YT,1987,-1.98,31.5,-46.0,42,Yukon,25506
YT,1988,-2.3,31.8,-48.0,44,Yukon,26368
YT,1989,-2.98,34.0,-54.0,46,Yukon,27079
YT,1990,-3.75,33.0,-56.0,43,Yukon,27852
YT,1991,-2.81,31.0,-49.0,43,Yukon,28682
YT,1992,-3.25,33.0,-48.0,44,Yukon,29717
YT,1993,-1.66,30.2,-47.6,46,Yukon,30107
YT,1994,-2.99,33.9,-50.5,48,Yukon,29660
YT,1995,-3.31,32.5,-53.0,51,Yukon,30336
YT,1996,-6.04,31.5,-55.0,46,Yukon,31272
YT,1997,-2.89,31.7,-51.0,47,Yukon,31661
YT,1998,-2.69,35.0,-50.0,48,Yukon,31214
YT,1999,-3.96,33.5,-53.0,48,Yukon,30686
YT,2000,-3.27,30.0,-47.0,47,Yukon,30400
YT,2001,-3.65,32.5,-48.5,47,Yukon,30128
YT,2002,-3.46,31.0,-46.9,46,Yukon,30227
YT,2003,-3.79,32.0,-48.8,45,Yukon,30790
YT,2004,-3.7,36.5,-53.5,44,Yukon,31466
YT,2005,-2.16,31.0,-48.0,43,Yukon,31915
YT,2006,-4.04,35.0,-49.5,43,Yukon,32224
YT,2007,-3.98,31.5,-51.5,42,Yukon,32452
YT,2008,-4.13,30.0,-54.0,37,Yukon,33024
YT,2009,-3.61,38.0,-51.5,33,Yukon,33687
YT,2010,-2.0,33.0,-46.2,34,Yukon,34410
YT,2011,-3.73,30.0,-50.0,34,Yukon,35182
YT,2012,-4.4,32.7,-51.4,35,Yukon,35988
YT,2013,-3.24,34.5,-51.0,31,Yukon,36345
YT,2014,-3.41,31.2,-47.0,29,Yukon,36817
YT,2015,-3.47,30.5,-48.7,27,Yukon,37463
YT,2016,-2.2,30.5,-43.7,20,Yukon,38264
YT,2017,-2.77,31.8,-47.8,21,Yukon,39287
YT,2018,-3.57,31.7,-47.7,19,Yukon,40212
YT,2019,-1.82,31.3,-45.1,20,Yukon,41036
YT,2020,-4.38,30.3,-49.8,20,Yukon,41845
YT,2021,-4.45,32.5,-49.4,21,Yukon,42672
YT,2022,-3.65,32.3,-52.2,20,Yukon,43654
YT,2023,-1.51,35.5,-44.6,20,Yukon,45141
